year,country,class,amount
1980,AT,A,59
1980,AT,B,110
1980,AT,C,211
1980,AT,D,21
1980,AT,E,19
1980,AT,F,51
1980,AT,G,42
1980,AT,H,28
1980,BE,A,4
1980,BE,B,8
1980,BE,C,19
1980,BE,D,6
1980,BE,E,4
1980,BE,H,3
1980,BG,A,3
1980,BG,C,28
1980,BG,D,3
1980,CH,A,186
1980,CH,B,218
1980,CH,C,501
1980,CH,D,34
1980,CH,E,27
1980,CH,F,50
1980,CH,G,56
1980,CH,H,57
1980,DE,A,2000
1980,DE,B,4764
1980,DE,C,3486
1980,DE,D,1371
1980,DE,E,1190
1980,DE,F,2672
1980,DE,G,1439
1980,DE,H,3038
1980,DK,A,70
1980,DK,B,83
1980,DK,C,49
1980,DK,D,3
1980,DK,E,10
1980,DK,F,26
1980,DK,G,31
1980,DK,H,25
1980,FI,A,102
1980,FI,B,104
1980,FI,C,225
1980,FI,D,8
1980,FI,E,9
1980,FI,F,39
1980,FI,G,26
1980,FI,H,14
1980,FR,A,312
1980,FR,B,195
1980,FR,C,328
1980,FR,D,8
1980,FR,E,5
1980,FR,F,42
1980,FR,G,29
1980,FR,H,70
1980,GB,A,15
1980,GB,B,26
1980,GB,C,25
1980,GB,D,7
1980,GB,F,3
1980,GB,G,7
1980,GB,H,12
1980,GR,A,5
1980,GR,C,1
1980,HU,A,287
1980,HU,B,112
1980,HU,C,233
1980,HU,D,26
1980,HU,E,11
1980,HU,F,65
1980,HU,G,87
1980,HU,H,51
1980,IS,B,3
1980,IT,A,264
1980,IT,B,565
1980,IT,C,832
1980,IT,D,105
1980,IT,E,81
1980,IT,F,255
1980,IT,G,286
1980,IT,H,326
1980,LU,A,107
1980,LU,B,7
1980,LU,C,22
1980,LU,D,6
1980,LU,E,10
1980,LU,F,6
1980,LU,G,10
1980,LU,H,62
1980,NL,A,7
1980,NL,B,6
1980,NL,C,13
1980,NL,F,2
1980,NL,G,14
1980,NL,H,11
1980,NO,B,43
1980,NO,C,11
1980,NO,D,3
1980,NO,E,1
1980,NO,F,8
1980,NO,G,32
1980,NO,H,44
1980,PL,A,12
1980,PL,B,47
1980,PL,C,21
1980,PL,D,3
1980,PL,E,5
1980,PL,F,36
1980,PL,G,213
1980,PL,H,169
1980,PT,G,1
1980,RO,A,22
1980,RO,H,1
1980,SE,A,241
1980,SE,B,172
1980,SE,C,408
1980,SE,D,19
1980,SE,E,32
1980,SE,F,43
1980,SE,G,196
1980,SE,H,465
1981,AT,A,57
1981,AT,B,84
1981,AT,C,178
1981,AT,D,10
1981,AT,E,16
1981,AT,F,34
1981,AT,G,26
1981,AT,H,48
1981,BE,A,3
1981,BE,C,20
1981,BE,D,2
1981,BE,E,1
1981,BE,G,1
1981,BE,H,5
1981,BG,C,8
1981,BG,D,35
1981,CH,A,124
1981,CH,B,187
1981,CH,C,397
1981,CH,D,53
1981,CH,E,19
1981,CH,F,72
1981,CH,G,65
1981,CH,H,60
1981,DE,A,1912
1981,DE,B,4888
1981,DE,C,4412
1981,DE,D,1408
1981,DE,E,1022
1981,DE,F,2376
1981,DE,G,1512
1981,DE,H,2546
1981,DK,A,73
1981,DK,B,70
1981,DK,C,33
1981,DK,D,3
1981,DK,E,19
1981,DK,F,28
1981,DK,G,41
1981,DK,H,30
1981,FI,A,180
1981,FI,B,116
1981,FI,C,235
1981,FI,D,2
1981,FI,E,13
1981,FI,F,41
1981,FI,G,33
1981,FI,H,60
1981,FR,A,534
1981,FR,B,159
1981,FR,C,489
1981,FR,D,28
1981,FR,E,21
1981,FR,F,91
1981,FR,G,75
1981,FR,H,103
1981,GB,A,1447
1981,GB,B,263
1981,GB,C,808
1981,GB,D,41
1981,GB,E,29
1981,GB,F,97
1981,GB,G,222
1981,GB,H,412
1981,GR,B,3
1981,GR,C,10
1981,HU,A,309
1981,HU,B,157
1981,HU,C,272
1981,HU,D,21
1981,HU,E,19
1981,HU,F,83
1981,HU,G,92
1981,HU,H,56
1981,IS,C,2
1981,IT,A,309
1981,IT,B,647
1981,IT,C,888
1981,IT,D,104
1981,IT,E,120
1981,IT,F,279
1981,IT,G,350
1981,IT,H,355
1981,LU,A,40
1981,LU,B,27
1981,LU,C,36
1981,LU,E,1
1981,LU,F,19
1981,LU,G,25
1981,LU,H,62
1981,NL,G,5
1981,NL,H,22
1981,NO,A,5
1981,NO,B,24
1981,NO,C,9
1981,NO,D,3
1981,NO,F,5
1981,NO,G,47
1981,NO,H,71
1981,PL,A,22
1981,PL,B,41
1981,PL,C,9
1981,PL,D,6
1981,PL,E,41
1981,PL,F,28
1981,PL,G,69
1981,PL,H,105
1981,PT,C,5
1981,PT,G,5
1981,RO,A,2
1981,RO,C,2
1981,RO,D,5
1981,RO,H,4
1981,SE,A,302
1981,SE,B,118
1981,SE,C,355
1981,SE,D,11
1981,SE,E,39
1981,SE,F,41
1981,SE,G,298
1981,SE,H,369
1982,AT,A,51
1982,AT,B,90
1982,AT,C,199
1982,AT,D,15
1982,AT,E,17
1982,AT,F,35
1982,AT,G,38
1982,AT,H,40
1982,BE,A,3
1982,BE,B,10
1982,BE,C,15
1982,BE,E,3
1982,BE,G,1
1982,BE,H,4
1982,BG,A,4
1982,BG,B,2
1982,BG,C,25
1982,BG,D,45
1982,BG,F,2
1982,BG,G,2
1982,CH,A,116
1982,CH,B,169
1982,CH,C,419
1982,CH,D,35
1982,CH,E,31
1982,CH,F,63
1982,CH,G,63
1982,CH,H,48
1982,DE,A,1696
1982,DE,B,4440
1982,DE,C,4557
1982,DE,D,1194
1982,DE,E,1035
1982,DE,F,2292
1982,DE,G,1729
1982,DE,H,2362
1982,DK,A,41
1982,DK,B,60
1982,DK,C,45
1982,DK,D,8
1982,DK,E,9
1982,DK,F,26
1982,DK,G,28
1982,DK,H,25
1982,FI,A,222
1982,FI,B,163
1982,FI,C,386
1982,FI,D,17
1982,FI,E,15
1982,FI,F,14
1982,FI,G,68
1982,FI,H,35
1982,FR,A,745
1982,FR,B,262
1982,FR,C,728
1982,FR,D,58
1982,FR,E,35
1982,FR,F,95
1982,FR,G,71
1982,FR,H,132
1982,GB,A,2723
1982,GB,B,1079
1982,GB,C,1869
1982,GB,D,103
1982,GB,E,179
1982,GB,F,474
1982,GB,G,811
1982,GB,H,1159
1982,GR,B,6
1982,HU,A,257
1982,HU,B,125
1982,HU,C,280
1982,HU,D,13
1982,HU,E,17
1982,HU,F,87
1982,HU,G,92
1982,HU,H,47
1982,IE,C,3
1982,IE,H,2
1982,IS,C,1
1982,IT,A,276
1982,IT,B,574
1982,IT,C,893
1982,IT,D,125
1982,IT,E,92
1982,IT,F,281
1982,IT,G,330
1982,IT,H,344
1982,LU,A,30
1982,LU,B,24
1982,LU,C,7
1982,LU,D,2
1982,LU,F,17
1982,LU,G,40
1982,LU,H,77
1982,NL,A,1
1982,NL,B,1
1982,NL,C,13
1982,NL,H,1
1982,NO,A,30
1982,NO,B,23
1982,NO,C,23
1982,NO,D,2
1982,NO,E,1
1982,NO,F,7
1982,NO,G,37
1982,NO,H,68
1982,PL,A,86
1982,PL,B,9
1982,PL,C,65
1982,PL,E,105
1982,PL,F,11
1982,PL,G,22
1982,PL,H,86
1982,PT,C,3
1982,PT,G,5
1982,RO,A,4
1982,RO,B,3
1982,RO,C,3
1982,RO,E,2
1982,SE,A,454
1982,SE,B,189
1982,SE,C,330
1982,SE,D,8
1982,SE,E,26
1982,SE,F,78
1982,SE,G,294
1982,SE,H,398
1982,SI,G,1
1983,AT,A,42
1983,AT,B,105
1983,AT,C,239
1983,AT,D,19
1983,AT,E,20
1983,AT,F,38
1983,AT,G,39
1983,AT,H,53
1983,BE,A,8
1983,BE,B,4
1983,BE,C,17
1983,BE,E,2
1983,BG,A,6
1983,BG,B,14
1983,BG,C,37
1983,BG,F,10
1983,BG,G,4
1983,BG,H,2
1983,CH,A,144
1983,CH,B,176
1983,CH,C,417
1983,CH,D,41
1983,CH,E,22
1983,CH,F,55
1983,CH,G,83
1983,CH,H,62
1983,DE,A,1420
1983,DE,B,4025
1983,DE,C,7177
1983,DE,D,1466
1983,DE,E,859
1983,DE,F,1990
1983,DE,G,1868
1983,DE,H,1835
1983,DK,A,83
1983,DK,B,74
1983,DK,C,59
1983,DK,D,12
1983,DK,E,9
1983,DK,F,60
1983,DK,G,40
1983,DK,H,39
1983,FI,A,225
1983,FI,B,173
1983,FI,C,479
1983,FI,D,45
1983,FI,E,19
1983,FI,F,70
1983,FI,G,65
1983,FI,H,54
1983,FR,A,1288
1983,FR,B,583
1983,FR,C,1320
1983,FR,D,101
1983,FR,E,38
1983,FR,F,161
1983,FR,G,164
1983,FR,H,687
1983,GB,A,2730
1983,GB,B,1375
1983,GB,C,2478
1983,GB,D,145
1983,GB,E,224
1983,GB,F,540
1983,GB,G,715
1983,GB,H,1133
1983,GR,B,2
1983,GR,C,3
1983,HU,A,240
1983,HU,B,127
1983,HU,C,316
1983,HU,D,34
1983,HU,E,8
1983,HU,F,69
1983,HU,G,87
1983,HU,H,91
1983,IS,C,3
1983,IT,A,285
1983,IT,B,644
1983,IT,C,886
1983,IT,D,106
1983,IT,E,110
1983,IT,F,322
1983,IT,G,310
1983,IT,H,330
1983,LU,A,8
1983,LU,B,19
1983,LU,C,8
1983,LU,D,3
1983,LU,E,3
1983,LU,F,17
1983,LU,G,36
1983,LU,H,68
1983,NL,B,9
1983,NL,C,2
1983,NL,F,1
1983,NL,G,3
1983,NL,H,5
1983,NO,A,15
1983,NO,B,21
1983,NO,C,12
1983,NO,F,8
1983,NO,G,79
1983,NO,H,75
1983,PL,A,33
1983,PL,B,83
1983,PL,C,21
1983,PL,D,5
1983,PL,E,1
1983,PL,F,31
1983,PL,G,116
1983,PL,H,164
1983,PT,C,1
1983,PT,G,1
1983,RO,B,1
1983,RO,C,4
1983,RO,H,4
1983,SE,A,270
1983,SE,B,122
1983,SE,C,216
1983,SE,D,14
1983,SE,E,34
1983,SE,F,156
1983,SE,G,379
1983,SE,H,739
1983,SI,H,1
1984,AT,A,66
1984,AT,B,87
1984,AT,C,240
1984,AT,D,18
1984,AT,E,15
1984,AT,F,34
1984,AT,G,50
1984,AT,H,38
1984,BE,B,5
1984,BE,C,18
1984,BE,D,2
1984,BE,E,5
1984,BE,F,8
1984,BE,G,1
1984,BG,A,11
1984,BG,B,32
1984,BG,C,25
1984,BG,D,11
1984,BG,E,8
1984,BG,F,7
1984,BG,G,3
1984,BG,H,16
1984,CH,A,191
1984,CH,B,180
1984,CH,C,427
1984,CH,D,20
1984,CH,E,28
1984,CH,F,63
1984,CH,G,69
1984,CH,H,53
1984,DE,A,1982
1984,DE,B,4345
1984,DE,C,9589
1984,DE,D,994
1984,DE,E,808
1984,DE,F,1717
1984,DE,G,1580
1984,DE,H,706
1984,DK,A,79
1984,DK,B,75
1984,DK,C,58
1984,DK,D,11
1984,DK,E,15
1984,DK,F,54
1984,DK,G,55
1984,DK,H,28
1984,FI,A,254
1984,FI,B,336
1984,FI,C,379
1984,FI,D,47
1984,FI,E,46
1984,FI,F,141
1984,FI,G,103
1984,FI,H,77
1984,FR,A,2000
1984,FR,B,722
1984,FR,C,2650
1984,FR,D,153
1984,FR,E,48
1984,FR,F,225
1984,FR,G,260
1984,FR,H,355
1984,GB,A,2527
1984,GB,B,905
1984,GB,C,2690
1984,GB,D,118
1984,GB,E,135
1984,GB,F,357
1984,GB,G,492
1984,GB,H,676
1984,GR,C,5
1984,GR,D,1
1984,HU,A,274
1984,HU,B,137
1984,HU,C,293
1984,HU,D,29
1984,HU,E,25
1984,HU,F,55
1984,HU,G,89
1984,HU,H,73
1984,IE,A,1
1984,IS,C,2
1984,IS,H,1
1984,IT,A,291
1984,IT,B,640
1984,IT,C,885
1984,IT,D,111
1984,IT,E,104
1984,IT,F,261
1984,IT,G,339
1984,IT,H,334
1984,LU,A,43
1984,LU,B,5
1984,LU,C,28
1984,LU,D,1
1984,LU,E,6
1984,LU,F,15
1984,LU,G,45
1984,LU,H,61
1984,NL,C,11
1984,NL,E,1
1984,NO,A,46
1984,NO,B,19
1984,NO,C,8
1984,NO,D,5
1984,NO,F,12
1984,NO,G,64
1984,NO,H,86
1984,PL,A,105
1984,PL,B,53
1984,PL,C,17
1984,PL,D,5
1984,PL,E,7
1984,PL,F,26
1984,PL,G,69
1984,PL,H,116
1984,PT,C,1
1984,PT,G,2
1984,RO,B,5
1984,RO,C,3
1984,RO,G,3
1984,RO,H,6
1984,SE,A,527
1984,SE,B,130
1984,SE,C,93
1984,SE,D,6
1984,SE,E,81
1984,SE,F,87
1984,SE,G,360
1984,SE,H,663
1984,SI,H,1
1984,SK,G,1
1984,SK,H,1
1985,AT,A,54
1985,AT,B,125
1985,AT,C,292
1985,AT,D,18
1985,AT,E,30
1985,AT,F,44
1985,AT,G,35
1985,AT,H,48
1985,BE,B,7
1985,BE,C,38
1985,BE,E,1
1985,BE,F,4
1985,BG,A,13
1985,BG,B,29
1985,BG,C,43
1985,BG,D,2
1985,BG,F,4
1985,BG,G,5
1985,BG,H,7
1985,CH,A,169
1985,CH,B,181
1985,CH,C,438
1985,CH,D,42
1985,CH,E,24
1985,CH,F,54
1985,CH,G,81
1985,CH,H,66
1985,DE,A,1693
1985,DE,B,4385
1985,DE,C,7380
1985,DE,D,1419
1985,DE,E,849
1985,DE,F,1837
1985,DE,G,1955
1985,DE,H,2402
1985,DK,A,107
1985,DK,B,90
1985,DK,C,80
1985,DK,D,22
1985,DK,E,12
1985,DK,F,48
1985,DK,G,49
1985,DK,H,26
1985,ES,C,2
1985,FI,A,365
1985,FI,B,347
1985,FI,C,607
1985,FI,D,86
1985,FI,E,49
1985,FI,F,128
1985,FI,G,133
1985,FI,H,82
1985,FR,A,2219
1985,FR,B,747
1985,FR,C,2535
1985,FR,D,200
1985,FR,E,63
1985,FR,F,238
1985,FR,G,369
1985,FR,H,434
1985,GB,A,2147
1985,GB,B,830
1985,GB,C,2212
1985,GB,D,111
1985,GB,E,106
1985,GB,F,307
1985,GB,G,439
1985,GB,H,667
1985,GR,C,3
1985,HU,A,232
1985,HU,B,176
1985,HU,C,289
1985,HU,D,16
1985,HU,E,37
1985,HU,F,79
1985,HU,G,99
1985,HU,H,59
1985,IE,B,2
1985,IE,E,1
1985,IS,C,2
1985,IT,A,281
1985,IT,B,692
1985,IT,C,913
1985,IT,D,117
1985,IT,E,117
1985,IT,F,300
1985,IT,G,368
1985,IT,H,331
1985,LU,A,9
1985,LU,B,9
1985,LU,C,11
1985,LU,D,1
1985,LU,E,1
1985,LU,F,17
1985,LU,G,41
1985,LU,H,117
1985,NL,A,3
1985,NL,B,8
1985,NL,D,3
1985,NL,G,4
1985,NL,H,6
1985,NO,A,71
1985,NO,B,41
1985,NO,C,70
1985,NO,D,15
1985,NO,E,4
1985,NO,F,10
1985,NO,G,27
1985,NO,H,21
1985,PL,A,32
1985,PL,B,34
1985,PL,C,74
1985,PL,D,28
1985,PL,E,156
1985,PL,F,17
1985,PL,G,55
1985,PL,H,42
1985,PT,C,1
1985,PT,G,3
1985,RO,C,3
1985,RO,G,1
1985,RO,H,6
1985,SE,A,327
1985,SE,B,226
1985,SE,C,517
1985,SE,D,63
1985,SE,E,57
1985,SE,F,139
1985,SE,G,274
1985,SE,H,365
1985,SI,H,1
1986,AT,A,83
1986,AT,B,137
1986,AT,C,261
1986,AT,D,31
1986,AT,E,11
1986,AT,F,44
1986,AT,G,31
1986,AT,H,49
1986,BE,A,8
1986,BE,B,10
1986,BE,C,25
1986,BE,D,1
1986,BE,E,3
1986,BE,F,6
1986,BE,G,4
1986,BE,H,15
1986,BG,A,2
1986,BG,C,18
1986,BG,D,2
1986,BG,E,4
1986,BG,F,9
1986,BG,H,13
1986,CH,A,168
1986,CH,B,189
1986,CH,C,483
1986,CH,D,51
1986,CH,E,32
1986,CH,F,60
1986,CH,G,82
1986,CH,H,70
1986,DE,A,1798
1986,DE,B,4819
1986,DE,C,7010
1986,DE,D,1460
1986,DE,E,1030
1986,DE,F,1936
1986,DE,G,1988
1986,DE,H,2511
1986,DK,A,103
1986,DK,B,117
1986,DK,C,74
1986,DK,D,8
1986,DK,E,17
1986,DK,F,51
1986,DK,G,61
1986,DK,H,46
1986,ES,A,13
1986,ES,B,24
1986,ES,C,33
1986,ES,D,4
1986,ES,E,2
1986,ES,F,17
1986,ES,G,11
1986,ES,H,3
1986,FI,A,387
1986,FI,B,575
1986,FI,C,808
1986,FI,D,116
1986,FI,E,47
1986,FI,F,205
1986,FI,G,128
1986,FI,H,132
1986,FR,A,2345
1986,FR,B,790
1986,FR,C,2500
1986,FR,D,143
1986,FR,E,65
1986,FR,F,225
1986,FR,G,327
1986,FR,H,750
1986,GB,A,1961
1986,GB,B,804
1986,GB,C,2135
1986,GB,D,146
1986,GB,E,68
1986,GB,F,284
1986,GB,G,442
1986,GB,H,719
1986,GR,A,6
1986,GR,B,2
1986,GR,C,15
1986,GR,E,3
1986,HU,A,159
1986,HU,B,106
1986,HU,C,212
1986,HU,D,11
1986,HU,E,27
1986,HU,F,41
1986,HU,G,69
1986,HU,H,62
1986,IE,A,1
1986,IE,B,1
1986,IE,C,3
1986,IE,F,4
1986,IE,G,2
1986,IS,B,2
1986,IS,C,2
1986,IS,G,3
1986,IT,A,364
1986,IT,B,766
1986,IT,C,1005
1986,IT,D,146
1986,IT,E,133
1986,IT,F,375
1986,IT,G,415
1986,IT,H,456
1986,LU,A,28
1986,LU,B,14
1986,LU,C,14
1986,LU,D,6
1986,LU,E,99
1986,LU,F,6
1986,LU,G,15
1986,LU,H,35
1986,NL,A,3
1986,NL,B,1
1986,NL,C,1
1986,NL,E,1
1986,NL,F,1
1986,NL,G,2
1986,NL,H,6
1986,NO,A,57
1986,NO,B,54
1986,NO,C,108
1986,NO,D,10
1986,NO,E,5
1986,NO,F,18
1986,NO,G,50
1986,NO,H,51
1986,PL,E,50
1986,PT,C,3
1986,PT,G,2
1986,RO,A,2
1986,RO,C,2
1986,RO,D,1
1986,RO,G,1
1986,RO,H,6
1986,SE,A,269
1986,SE,B,237
1986,SE,C,538
1986,SE,D,86
1986,SE,E,27
1986,SE,F,104
1986,SE,G,296
1986,SE,H,370
1986,SI,C,1
1986,SI,G,1
1986,SI,H,2
1987,AT,A,87
1987,AT,B,136
1987,AT,C,222
1987,AT,D,19
1987,AT,E,20
1987,AT,F,39
1987,AT,G,36
1987,AT,H,50
1987,BE,A,20
1987,BE,B,38
1987,BE,C,65
1987,BE,D,2
1987,BE,E,4
1987,BE,F,6
1987,BE,G,15
1987,BE,H,8
1987,BG,A,16
1987,BG,B,30
1987,BG,C,11
1987,BG,D,16
1987,BG,E,3
1987,BG,F,5
1987,BG,G,4
1987,BG,H,3
1987,CH,A,166
1987,CH,B,200
1987,CH,C,464
1987,CH,D,46
1987,CH,E,37
1987,CH,F,81
1987,CH,G,94
1987,CH,H,54
1987,CZ,A,1
1987,DE,A,2059
1987,DE,B,5233
1987,DE,C,6919
1987,DE,D,1450
1987,DE,E,1406
1987,DE,F,2477
1987,DE,G,1835
1987,DE,H,2535
1987,DK,A,106
1987,DK,B,125
1987,DK,C,82
1987,DK,D,13
1987,DK,E,12
1987,DK,F,68
1987,DK,G,73
1987,DK,H,42
1987,ES,A,49
1987,ES,B,28
1987,ES,C,97
1987,ES,D,14
1987,ES,F,12
1987,ES,G,7
1987,ES,H,5
1987,FI,A,512
1987,FI,B,605
1987,FI,C,1051
1987,FI,D,149
1987,FI,E,62
1987,FI,F,290
1987,FI,G,232
1987,FI,H,178
1987,FR,A,2469
1987,FR,B,764
1987,FR,C,2674
1987,FR,D,231
1987,FR,E,71
1987,FR,F,258
1987,FR,G,352
1987,FR,H,970
1987,GB,A,2058
1987,GB,B,834
1987,GB,C,1991
1987,GB,D,56
1987,GB,E,74
1987,GB,F,340
1987,GB,G,370
1987,GB,H,755
1987,GR,A,12
1987,GR,B,5
1987,GR,C,11
1987,HU,A,170
1987,HU,B,121
1987,HU,C,255
1987,HU,D,10
1987,HU,E,12
1987,HU,F,46
1987,HU,G,67
1987,HU,H,45
1987,IE,A,4
1987,IE,B,4
1987,IE,C,11
1987,IE,D,1
1987,IE,E,2
1987,IE,F,4
1987,IE,G,4
1987,IS,B,2
1987,IS,C,3
1987,IT,A,542
1987,IT,B,1168
1987,IT,C,1664
1987,IT,D,229
1987,IT,E,191
1987,IT,F,540
1987,IT,G,637
1987,IT,H,623
1987,LU,A,66
1987,LU,B,12
1987,LU,C,30
1987,LU,F,1
1987,LU,G,17
1987,LU,H,46
1987,NL,A,2
1987,NL,C,3
1987,NL,D,3
1987,NL,H,4
1987,NO,A,51
1987,NO,B,53
1987,NO,C,94
1987,NO,D,9
1987,NO,E,25
1987,NO,F,14
1987,NO,G,47
1987,NO,H,106
1987,PL,A,15
1987,PL,B,17
1987,PL,C,20
1987,PL,E,48
1987,PL,F,7
1987,PL,G,13
1987,PL,H,11
1987,PT,C,5
1987,PT,G,7
1987,RO,B,3
1987,RO,C,1
1987,RO,D,3
1987,RO,G,5
1987,RO,H,2
1987,SE,A,342
1987,SE,B,356
1987,SE,C,474
1987,SE,D,82
1987,SE,E,38
1987,SE,F,62
1987,SE,G,276
1987,SE,H,341
1987,SK,E,2
1988,AT,A,84
1988,AT,B,139
1988,AT,C,289
1988,AT,D,33
1988,AT,E,13
1988,AT,F,65
1988,AT,G,46
1988,AT,H,45
1988,BE,A,34
1988,BE,B,28
1988,BE,C,70
1988,BE,D,14
1988,BE,E,9
1988,BE,F,8
1988,BE,H,8
1988,BG,A,3
1988,BG,B,14
1988,BG,C,26
1988,BG,D,7
1988,BG,G,7
1988,BG,H,1
1988,CH,A,168
1988,CH,B,191
1988,CH,C,498
1988,CH,D,49
1988,CH,E,30
1988,CH,F,77
1988,CH,G,82
1988,CH,H,73
1988,DE,A,2059
1988,DE,B,5711
1988,DE,C,7901
1988,DE,D,1463
1988,DE,E,1299
1988,DE,F,2632
1988,DE,G,2003
1988,DE,H,2389
1988,DK,A,175
1988,DK,B,159
1988,DK,C,105
1988,DK,D,14
1988,DK,E,28
1988,DK,F,85
1988,DK,G,81
1988,DK,H,58
1988,ES,A,60
1988,ES,B,53
1988,ES,C,62
1988,ES,D,3
1988,ES,E,11
1988,ES,F,43
1988,ES,G,24
1988,ES,H,20
1988,FI,A,686
1988,FI,B,673
1988,FI,C,1062
1988,FI,D,126
1988,FI,E,59
1988,FI,F,258
1988,FI,G,141
1988,FI,H,137
1988,FR,A,2208
1988,FR,B,1047
1988,FR,C,2067
1988,FR,D,188
1988,FR,E,185
1988,FR,F,436
1988,FR,G,788
1988,FR,H,1338
1988,GB,A,1939
1988,GB,B,802
1988,GB,C,2096
1988,GB,D,112
1988,GB,E,134
1988,GB,F,341
1988,GB,G,370
1988,GB,H,601
1988,GR,A,6
1988,GR,B,4
1988,GR,C,6
1988,GR,D,1
1988,GR,F,1
1988,GR,H,1
1988,HU,A,173
1988,HU,B,155
1988,HU,C,255
1988,HU,D,27
1988,HU,E,11
1988,HU,F,64
1988,HU,G,79
1988,HU,H,41
1988,IE,A,6
1988,IE,B,22
1988,IE,C,29
1988,IE,D,3
1988,IE,E,1
1988,IE,F,5
1988,IE,G,12
1988,IE,H,4
1988,IS,A,2
1988,IS,B,1
1988,IS,C,11
1988,IT,A,537
1988,IT,B,1254
1988,IT,C,1707
1988,IT,D,229
1988,IT,E,200
1988,IT,F,543
1988,IT,G,651
1988,IT,H,678
1988,LU,A,37
1988,LU,B,22
1988,LU,C,13
1988,LU,D,13
1988,LU,E,1
1988,LU,F,7
1988,LU,G,39
1988,LU,H,53
1988,NL,B,1
1988,NL,C,9
1988,NL,D,1
1988,NL,E,6
1988,NL,G,7
1988,NL,H,4
1988,NO,A,40
1988,NO,B,67
1988,NO,C,60
1988,NO,D,12
1988,NO,E,3
1988,NO,F,10
1988,NO,G,112
1988,NO,H,151
1988,PL,A,155
1988,PL,B,67
1988,PL,C,72
1988,PL,E,22
1988,PL,F,23
1988,PL,G,49
1988,PL,H,30
1988,PT,C,8
1988,PT,G,12
1988,RO,F,2
1988,RO,G,3
1988,RO,H,2
1988,SE,A,376
1988,SE,B,181
1988,SE,C,317
1988,SE,D,55
1988,SE,E,35
1988,SE,F,129
1988,SE,G,340
1988,SE,H,437
1988,SI,H,2
1989,AT,A,83
1989,AT,B,155
1989,AT,C,345
1989,AT,D,38
1989,AT,E,32
1989,AT,F,56
1989,AT,G,59
1989,AT,H,51
1989,BE,A,24
1989,BE,B,56
1989,BE,C,57
1989,BE,D,1
1989,BE,E,5
1989,BE,F,18
1989,BE,G,13
1989,BE,H,27
1989,BG,A,4
1989,BG,B,6
1989,BG,C,23
1989,BG,E,1
1989,BG,G,1
1989,BG,H,4
1989,CH,A,180
1989,CH,B,180
1989,CH,C,446
1989,CH,D,39
1989,CH,E,21
1989,CH,F,54
1989,CH,G,75
1989,CH,H,68
1989,DE,A,2374
1989,DE,B,5410
1989,DE,C,7647
1989,DE,D,1282
1989,DE,E,1155
1989,DE,F,2489
1989,DE,G,2318
1989,DE,H,2609
1989,DK,A,152
1989,DK,B,138
1989,DK,C,111
1989,DK,D,18
1989,DK,E,27
1989,DK,F,81
1989,DK,G,97
1989,DK,H,64
1989,ES,A,67
1989,ES,B,84
1989,ES,C,88
1989,ES,D,10
1989,ES,E,8
1989,ES,F,44
1989,ES,G,37
1989,ES,H,12
1989,FI,A,639
1989,FI,B,700
1989,FI,C,906
1989,FI,D,163
1989,FI,E,95
1989,FI,F,283
1989,FI,G,218
1989,FI,H,238
1989,FR,A,2209
1989,FR,B,1894
1989,FR,C,2279
1989,FR,D,228
1989,FR,E,280
1989,FR,F,794
1989,FR,G,651
1989,FR,H,910
1989,GB,A,1861
1989,GB,B,803
1989,GB,C,1824
1989,GB,D,137
1989,GB,E,85
1989,GB,F,334
1989,GB,G,332
1989,GB,H,530
1989,GR,A,1
1989,GR,B,13
1989,GR,C,11
1989,HU,A,129
1989,HU,B,168
1989,HU,C,260
1989,HU,D,22
1989,HU,E,29
1989,HU,F,50
1989,HU,G,65
1989,HU,H,63
1989,IE,A,22
1989,IE,B,18
1989,IE,C,36
1989,IE,D,3
1989,IE,E,4
1989,IE,F,12
1989,IE,G,11
1989,IE,H,4
1989,IS,G,1
1989,IT,A,563
1989,IT,B,1279
1989,IT,C,1828
1989,IT,D,238
1989,IT,E,197
1989,IT,F,597
1989,IT,G,738
1989,IT,H,694
1989,LU,A,3
1989,LU,B,16
1989,LU,C,4
1989,LU,F,2
1989,LU,G,15
1989,LU,H,70
1989,NL,B,6
1989,NL,C,22
1989,NL,E,5
1989,NL,G,2
1989,NO,A,23
1989,NO,B,38
1989,NO,C,33
1989,NO,D,8
1989,NO,F,55
1989,NO,G,114
1989,NO,H,205
1989,PL,A,36
1989,PL,B,37
1989,PL,C,46
1989,PL,D,5
1989,PL,E,5
1989,PL,F,16
1989,PL,G,15
1989,PL,H,27
1989,PT,C,15
1989,PT,G,19
1989,RO,A,2
1989,RO,B,7
1989,RO,F,1
1989,RO,G,11
1989,RO,H,7
1989,SE,A,255
1989,SE,B,181
1989,SE,C,286
1989,SE,D,23
1989,SE,E,48
1989,SE,F,117
1989,SE,G,366
1989,SE,H,558
1989,SI,H,2
1990,AT,A,60
1990,AT,B,119
1990,AT,C,207
1990,AT,D,31
1990,AT,E,27
1990,AT,F,40
1990,AT,G,38
1990,AT,H,59
1990,BE,A,17
1990,BE,B,52
1990,BE,C,44
1990,BE,D,9
1990,BE,E,5
1990,BE,F,11
1990,BE,G,35
1990,BE,H,15
1990,BG,A,3
1990,BG,B,3
1990,BG,C,11
1990,BG,D,2
1990,BG,E,1
1990,BG,G,2
1990,CH,A,167
1990,CH,B,177
1990,CH,C,399
1990,CH,D,27
1990,CH,E,26
1990,CH,F,56
1990,CH,G,54
1990,CH,H,63
1990,CZ,A,1
1990,CZ,B,4
1990,CZ,C,1
1990,CZ,D,1
1990,CZ,F,1
1990,CZ,G,2
1990,CZ,H,1
1990,DE,A,2306
1990,DE,B,4831
1990,DE,C,7255
1990,DE,D,1166
1990,DE,E,998
1990,DE,F,2243
1990,DE,G,2302
1990,DE,H,2272
1990,DK,A,202
1990,DK,B,102
1990,DK,C,116
1990,DK,D,27
1990,DK,E,33
1990,DK,F,89
1990,DK,G,74
1990,DK,H,63
1990,ES,A,89
1990,ES,B,80
1990,ES,C,105
1990,ES,D,19
1990,ES,E,6
1990,ES,F,30
1990,ES,G,25
1990,ES,H,43
1990,FI,A,514
1990,FI,B,706
1990,FI,C,1208
1990,FI,D,163
1990,FI,E,108
1990,FI,F,304
1990,FI,G,213
1990,FI,H,198
1990,FR,A,2299
1990,FR,B,1938
1990,FR,C,2414
1990,FR,D,330
1990,FR,E,247
1990,FR,F,787
1990,FR,G,722
1990,FR,H,947
1990,GB,A,1809
1990,GB,B,824
1990,GB,C,1906
1990,GB,D,155
1990,GB,E,51
1990,GB,F,257
1990,GB,G,338
1990,GB,H,437
1990,GR,A,24
1990,GR,B,3
1990,GR,C,5
1990,HU,A,55
1990,HU,B,85
1990,HU,C,140
1990,HU,D,11
1990,HU,E,10
1990,HU,F,24
1990,HU,G,61
1990,HU,H,36
1990,IE,A,7
1990,IE,B,27
1990,IE,C,45
1990,IE,D,8
1990,IE,E,4
1990,IE,F,13
1990,IE,G,14
1990,IE,H,7
1990,IS,C,2
1990,IS,G,8
1990,IT,A,339
1990,IT,B,804
1990,IT,C,1090
1990,IT,D,137
1990,IT,E,112
1990,IT,F,304
1990,IT,G,413
1990,IT,H,409
1990,LU,B,12
1990,LU,C,6
1990,LU,D,1
1990,LU,G,13
1990,LU,H,31
1990,NL,A,9
1990,NL,C,25
1990,NL,D,3
1990,NL,F,2
1990,NL,G,3
1990,NL,H,13
1990,NO,A,72
1990,NO,B,48
1990,NO,C,92
1990,NO,D,6
1990,NO,E,5
1990,NO,F,21
1990,NO,G,61
1990,NO,H,140
1990,PL,A,198
1990,PL,B,33
1990,PL,C,97
1990,PL,E,12
1990,PL,F,25
1990,PL,G,62
1990,PL,H,35
1990,PT,A,7
1990,PT,B,9
1990,PT,C,15
1990,PT,D,2
1990,PT,F,2
1990,PT,G,8
1990,RO,G,3
1990,RO,H,6
1990,SE,A,508
1990,SE,B,260
1990,SE,C,168
1990,SE,D,20
1990,SE,E,89
1990,SE,F,82
1990,SE,G,333
1990,SE,H,483
1990,SI,B,1
1990,SI,G,2
1990,SI,H,5
1990,SK,A,6
1990,SK,F,3
1991,AT,A,67
1991,AT,B,94
1991,AT,C,215
1991,AT,D,26
1991,AT,E,15
1991,AT,F,27
1991,AT,G,50
1991,AT,H,47
1991,BE,A,18
1991,BE,B,54
1991,BE,C,82
1991,BE,D,17
1991,BE,E,9
1991,BE,F,18
1991,BE,G,14
1991,BE,H,31
1991,BG,A,1
1991,BG,B,1
1991,BG,C,3
1991,BG,D,4
1991,BG,E,1
1991,BG,G,1
1991,CH,A,135
1991,CH,B,179
1991,CH,C,359
1991,CH,D,38
1991,CH,E,24
1991,CH,F,62
1991,CH,G,84
1991,CH,H,65
1991,CZ,F,1
1991,CZ,G,1
1991,DE,A,2335
1991,DE,B,4992
1991,DE,C,8061
1991,DE,D,1122
1991,DE,E,976
1991,DE,F,2315
1991,DE,G,2126
1991,DE,H,2343
1991,DK,A,120
1991,DK,B,105
1991,DK,C,106
1991,DK,D,21
1991,DK,E,22
1991,DK,F,96
1991,DK,G,79
1991,DK,H,70
1991,ES,A,66
1991,ES,B,84
1991,ES,C,152
1991,ES,D,17
1991,ES,E,30
1991,ES,F,30
1991,ES,G,18
1991,ES,H,19
1991,FI,A,843
1991,FI,B,512
1991,FI,C,1089
1991,FI,D,120
1991,FI,E,74
1991,FI,F,196
1991,FI,G,175
1991,FI,H,253
1991,FR,A,2751
1991,FR,B,1524
1991,FR,C,2807
1991,FR,D,242
1991,FR,E,184
1991,FR,F,633
1991,FR,G,692
1991,FR,H,1148
1991,GB,A,1813
1991,GB,B,1195
1991,GB,C,993
1991,GB,D,77
1991,GB,E,165
1991,GB,F,442
1991,GB,G,651
1991,GB,H,645
1991,GR,A,23
1991,GR,B,1
1991,GR,C,1
1991,HU,A,118
1991,HU,B,78
1991,HU,C,185
1991,HU,D,6
1991,HU,E,7
1991,HU,F,32
1991,HU,G,51
1991,HU,H,18
1991,IE,A,35
1991,IE,B,58
1991,IE,C,83
1991,IE,D,13
1991,IE,E,5
1991,IE,F,21
1991,IE,G,22
1991,IE,H,9
1991,IS,A,1
1991,IS,B,8
1991,IS,C,1
1991,IS,F,3
1991,IT,A,406
1991,IT,B,733
1991,IT,C,1078
1991,IT,D,143
1991,IT,E,114
1991,IT,F,358
1991,IT,G,353
1991,IT,H,436
1991,LU,A,5
1991,LU,B,8
1991,LU,C,3
1991,LU,D,2
1991,LU,G,16
1991,LU,H,46
1991,NL,A,9
1991,NL,B,15
1991,NL,C,22
1991,NL,D,3
1991,NL,E,1
1991,NL,F,2
1991,NL,G,4
1991,NL,H,4
1991,NO,A,63
1991,NO,B,82
1991,NO,C,127
1991,NO,E,1
1991,NO,F,9
1991,NO,G,96
1991,NO,H,107
1991,PL,A,56
1991,PL,B,45
1991,PL,C,46
1991,PL,D,1
1991,PL,E,3
1991,PL,F,25
1991,PL,G,100
1991,PL,H,211
1991,PT,A,25
1991,PT,B,19
1991,PT,C,25
1991,PT,D,1
1991,PT,F,11
1991,PT,G,2
1991,PT,H,2
1991,RO,B,3
1991,RO,G,2
1991,RO,H,3
1991,SE,A,402
1991,SE,B,205
1991,SE,C,314
1991,SE,D,24
1991,SE,E,32
1991,SE,F,86
1991,SE,G,310
1991,SE,H,381
1991,SI,G,7
1991,SI,H,13
1991,SK,B,2
1991,SK,C,1
1991,SK,G,7
1991,SK,H,3
1992,AT,A,69
1992,AT,B,108
1992,AT,C,229
1992,AT,D,28
1992,AT,E,6
1992,AT,F,28
1992,AT,G,32
1992,AT,H,35
1992,BE,A,22
1992,BE,B,62
1992,BE,C,68
1992,BE,D,6
1992,BE,E,3
1992,BE,F,7
1992,BE,G,26
1992,BE,H,37
1992,BG,A,1
1992,BG,B,2
1992,BG,C,6
1992,CH,A,125
1992,CH,B,141
1992,CH,C,344
1992,CH,D,21
1992,CH,E,18
1992,CH,F,45
1992,CH,G,43
1992,CH,H,60
1992,CZ,B,8
1992,CZ,C,4
1992,CZ,D,2
1992,CZ,F,2
1992,CZ,G,3
1992,CZ,H,5
1992,DE,A,2536
1992,DE,B,5195
1992,DE,C,8425
1992,DE,D,1306
1992,DE,E,1071
1992,DE,F,2419
1992,DE,G,2280
1992,DE,H,2505
1992,DK,A,130
1992,DK,B,143
1992,DK,C,134
1992,DK,D,16
1992,DK,E,26
1992,DK,F,65
1992,DK,G,90
1992,DK,H,94
1992,ES,A,81
1992,ES,B,138
1992,ES,C,126
1992,ES,D,19
1992,ES,E,11
1992,ES,F,39
1992,ES,G,70
1992,ES,H,26
1992,FI,A,701
1992,FI,B,367
1992,FI,C,1138
1992,FI,D,196
1992,FI,E,45
1992,FI,F,158
1992,FI,G,95
1992,FI,H,226
1992,FR,A,3338
1992,FR,B,1107
1992,FR,C,3126
1992,FR,D,229
1992,FR,E,167
1992,FR,F,361
1992,FR,G,567
1992,FR,H,885
1992,GB,A,1682
1992,GB,B,1370
1992,GB,C,986
1992,GB,D,137
1992,GB,E,274
1992,GB,F,622
1992,GB,G,847
1992,GB,H,789
1992,GR,A,17
1992,GR,C,19
1992,GR,E,1
1992,GR,F,1
1992,GR,G,5
1992,HR,A,17
1992,HR,B,15
1992,HR,C,80
1992,HR,E,4
1992,HR,F,1
1992,HR,G,2
1992,HR,H,1
1992,HU,A,43
1992,HU,B,67
1992,HU,C,155
1992,HU,D,22
1992,HU,E,17
1992,HU,F,54
1992,HU,G,99
1992,HU,H,41
1992,IE,A,12
1992,IE,B,58
1992,IE,C,57
1992,IE,D,8
1992,IE,E,2
1992,IE,F,18
1992,IE,G,28
1992,IE,H,13
1992,IS,F,1
1992,IT,A,272
1992,IT,B,642
1992,IT,C,804
1992,IT,D,95
1992,IT,E,76
1992,IT,F,211
1992,IT,G,346
1992,IT,H,289
1992,LT,C,2
1992,LU,A,1
1992,LU,B,5
1992,LU,C,11
1992,LU,F,13
1992,LU,G,20
1992,LU,H,34
1992,LV,A,8
1992,LV,B,2
1992,LV,C,4
1992,LV,F,1
1992,LV,G,2
1992,LV,H,8
1992,NL,A,7
1992,NL,B,1
1992,NL,C,6
1992,NL,E,1
1992,NL,G,15
1992,NL,H,47
1992,NO,A,67
1992,NO,B,10
1992,NO,C,53
1992,NO,E,1
1992,NO,F,1
1992,NO,G,99
1992,NO,H,304
1992,PL,A,19
1992,PL,B,51
1992,PL,C,12
1992,PL,D,4
1992,PL,E,4
1992,PL,F,4
1992,PL,G,71
1992,PL,H,180
1992,PT,A,12
1992,PT,C,3
1992,PT,F,4
1992,PT,G,4
1992,PT,H,2
1992,RO,C,1
1992,RO,E,1
1992,RO,G,4
1992,RO,H,5
1992,RU,A,6
1992,RU,B,13
1992,RU,C,23
1992,RU,D,1
1992,RU,E,9
1992,RU,G,26
1992,RU,H,115
1992,SE,A,587
1992,SE,B,295
1992,SE,C,436
1992,SE,D,46
1992,SE,E,44
1992,SE,F,122
1992,SE,G,232
1992,SE,H,307
1992,SI,H,26
1992,SK,A,6
1992,SK,C,3
1992,SK,F,3
1992,SK,G,1
1993,AT,A,74
1993,AT,B,102
1993,AT,C,253
1993,AT,D,17
1993,AT,E,13
1993,AT,F,42
1993,AT,G,36
1993,AT,H,29
1993,BE,A,39
1993,BE,B,74
1993,BE,C,294
1993,BE,D,22
1993,BE,E,9
1993,BE,F,54
1993,BE,G,24
1993,BE,H,49
1993,BG,A,2
1993,BG,B,1
1993,BG,C,15
1993,BG,G,1
1993,CH,A,99
1993,CH,B,122
1993,CH,C,329
1993,CH,D,48
1993,CH,E,22
1993,CH,F,42
1993,CH,G,43
1993,CH,H,40
1993,CZ,A,10
1993,CZ,B,33
1993,CZ,C,25
1993,CZ,D,21
1993,CZ,E,7
1993,CZ,F,20
1993,CZ,G,5
1993,CZ,H,15
1993,DE,A,2471
1993,DE,B,5412
1993,DE,C,8512
1993,DE,D,1223
1993,DE,E,1127
1993,DE,F,2391
1993,DE,G,2466
1993,DE,H,2345
1993,DK,A,124
1993,DK,B,103
1993,DK,C,148
1993,DK,D,14
1993,DK,E,11
1993,DK,F,70
1993,DK,G,61
1993,DK,H,92
1993,ES,A,116
1993,ES,B,100
1993,ES,C,233
1993,ES,D,10
1993,ES,E,4
1993,ES,F,27
1993,ES,G,27
1993,ES,H,31
1993,FI,A,702
1993,FI,B,479
1993,FI,C,898
1993,FI,D,89
1993,FI,E,18
1993,FI,F,162
1993,FI,G,177
1993,FI,H,158
1993,FR,A,3658
1993,FR,B,1169
1993,FR,C,3427
1993,FR,D,193
1993,FR,E,138
1993,FR,F,454
1993,FR,G,424
1993,FR,H,917
1993,GB,A,2165
1993,GB,B,1011
1993,GB,C,2307
1993,GB,D,136
1993,GB,E,103
1993,GB,F,424
1993,GB,G,403
1993,GB,H,754
1993,GR,C,6
1993,GR,G,4
1993,GR,H,4
1993,HR,A,25
1993,HR,B,16
1993,HR,C,22
1993,HR,F,6
1993,HR,G,2
1993,HU,A,32
1993,HU,B,47
1993,HU,C,101
1993,HU,D,6
1993,HU,E,6
1993,HU,F,22
1993,HU,G,33
1993,HU,H,54
1993,IE,A,15
1993,IE,B,21
1993,IE,C,36
1993,IE,D,5
1993,IE,E,4
1993,IE,F,7
1993,IE,G,9
1993,IE,H,11
1993,IS,F,2
1993,IT,A,318
1993,IT,B,667
1993,IT,C,963
1993,IT,D,122
1993,IT,E,95
1993,IT,F,295
1993,IT,G,270
1993,IT,H,327
1993,LT,A,1
1993,LT,B,10
1993,LT,C,3
1993,LT,F,3
1993,LT,G,1
1993,LT,H,6
1993,LU,A,2
1993,LU,B,22
1993,LU,C,3
1993,LU,F,5
1993,LU,G,33
1993,LU,H,28
1993,LV,A,7
1993,LV,C,3
1993,LV,D,1
1993,LV,G,19
1993,LV,H,4
1993,NL,A,19
1993,NL,B,9
1993,NL,C,15
1993,NL,D,1
1993,NL,F,4
1993,NL,G,1
1993,NL,H,14
1993,NO,A,59
1993,NO,B,52
1993,NO,C,114
1993,NO,D,13
1993,NO,E,9
1993,NO,F,7
1993,NO,G,87
1993,NO,H,156
1993,PL,A,41
1993,PL,B,38
1993,PL,C,66
1993,PL,F,13
1993,PL,G,89
1993,PL,H,127
1993,PT,B,8
1993,PT,F,7
1993,PT,G,4
1993,PT,H,4
1993,RO,A,4
1993,RU,A,25
1993,RU,B,22
1993,RU,C,40
1993,RU,D,8
1993,RU,E,8
1993,RU,F,11
1993,RU,G,154
1993,RU,H,409
1993,SE,A,653
1993,SE,B,273
1993,SE,C,617
1993,SE,D,15
1993,SE,E,46
1993,SE,F,114
1993,SE,G,310
1993,SE,H,286
1993,SI,A,9
1993,SI,B,10
1993,SI,C,3
1993,SI,E,7
1993,SI,G,2
1993,SI,H,44
1993,SK,A,8
1993,SK,B,6
1993,SK,C,9
1993,SK,E,1
1993,SK,F,4
1993,SK,G,3
1993,SK,H,1
1994,AT,A,60
1994,AT,B,70
1994,AT,C,200
1994,AT,D,20
1994,AT,E,12
1994,AT,F,24
1994,AT,G,45
1994,AT,H,31
1994,BE,A,34
1994,BE,B,44
1994,BE,C,131
1994,BE,D,3
1994,BE,E,6
1994,BE,F,13
1994,BE,G,3
1994,BE,H,14
1994,BG,A,5
1994,BG,B,3
1994,BG,C,8
1994,BG,D,2
1994,BG,E,3
1994,BG,F,2
1994,BG,G,6
1994,CH,A,90
1994,CH,B,106
1994,CH,C,309
1994,CH,D,26
1994,CH,E,18
1994,CH,F,46
1994,CH,G,50
1994,CH,H,61
1994,CZ,A,18
1994,CZ,B,34
1994,CZ,C,38
1994,CZ,D,18
1994,CZ,E,1
1994,CZ,F,18
1994,CZ,G,8
1994,CZ,H,19
1994,DE,A,2989
1994,DE,B,5740
1994,DE,C,9691
1994,DE,D,1222
1994,DE,E,1145
1994,DE,F,2347
1994,DE,G,2885
1994,DE,H,2883
1994,DK,A,45
1994,DK,B,52
1994,DK,C,52
1994,DK,D,10
1994,DK,E,8
1994,DK,F,19
1994,DK,G,39
1994,DK,H,42
1994,EE,A,9
1994,EE,B,9
1994,EE,C,4
1994,EE,D,5
1994,EE,F,1
1994,EE,G,7
1994,EE,H,28
1994,ES,A,91
1994,ES,B,116
1994,ES,C,211
1994,ES,D,23
1994,ES,E,17
1994,ES,F,19
1994,ES,G,31
1994,ES,H,21
1994,FI,A,603
1994,FI,B,392
1994,FI,C,718
1994,FI,D,75
1994,FI,E,39
1994,FI,F,180
1994,FI,G,106
1994,FI,H,84
1994,FR,A,3742
1994,FR,B,1043
1994,FR,C,3508
1994,FR,D,255
1994,FR,E,135
1994,FR,F,403
1994,FR,G,592
1994,FR,H,1054
1994,GB,A,2019
1994,GB,B,988
1994,GB,C,2264
1994,GB,D,174
1994,GB,E,169
1994,GB,F,333
1994,GB,G,470
1994,GB,H,657
1994,GR,A,2
1994,GR,F,6
1994,GR,G,1
1994,GR,H,2
1994,HR,A,9
1994,HR,B,1
1994,HR,C,9
1994,HR,D,5
1994,HR,G,17
1994,HR,H,7
1994,HU,A,35
1994,HU,B,77
1994,HU,C,81
1994,HU,D,7
1994,HU,E,6
1994,HU,F,8
1994,HU,G,37
1994,HU,H,13
1994,IE,A,9
1994,IE,B,21
1994,IE,C,41
1994,IE,D,4
1994,IE,E,5
1994,IE,F,13
1994,IE,G,6
1994,IE,H,10
1994,IS,F,2
1994,IT,A,298
1994,IT,B,725
1994,IT,C,880
1994,IT,D,65
1994,IT,E,118
1994,IT,F,298
1994,IT,G,333
1994,IT,H,444
1994,LT,F,1
1994,LT,G,2
1994,LT,H,2
1994,LU,A,6
1994,LU,B,10
1994,LU,C,5
1994,LU,D,3
1994,LU,E,1
1994,LU,F,1
1994,LU,G,2
1994,LU,H,19
1994,LV,B,4
1994,LV,C,4
1994,LV,G,5
1994,LV,H,5
1994,NL,A,191
1994,NL,B,99
1994,NL,C,93
1994,NL,D,40
1994,NL,E,18
1994,NL,F,48
1994,NL,G,228
1994,NL,H,535
1994,NO,A,126
1994,NO,B,70
1994,NO,C,126
1994,NO,D,7
1994,NO,E,5
1994,NO,F,29
1994,NO,G,96
1994,NO,H,176
1994,PL,A,14
1994,PL,B,17
1994,PL,C,20
1994,PL,D,4
1994,PL,E,1
1994,PL,F,2
1994,PL,G,29
1994,PL,H,152
1994,PT,B,3
1994,PT,C,8
1994,PT,E,1
1994,RO,A,5
1994,RO,C,5
1994,RO,D,1
1994,RO,E,2
1994,RO,F,4
1994,RO,G,3
1994,RO,H,2
1994,RU,A,120
1994,RU,B,55
1994,RU,C,46
1994,RU,E,1
1994,RU,F,24
1994,RU,G,130
1994,RU,H,329
1994,SE,A,665
1994,SE,B,267
1994,SE,C,304
1994,SE,D,44
1994,SE,E,176
1994,SE,F,105
1994,SE,G,344
1994,SE,H,755
1994,SI,B,9
1994,SI,C,9
1994,SI,E,32
1994,SK,A,11
1994,SK,B,5
1994,SK,C,13
1994,SK,E,1
1994,SK,G,4
1994,SK,H,1
1995,AT,A,42
1995,AT,B,49
1995,AT,C,174
1995,AT,D,17
1995,AT,E,18
1995,AT,F,23
1995,AT,G,34
1995,AT,H,17
1995,BE,A,37
1995,BE,B,24
1995,BE,C,89
1995,BE,D,1
1995,BE,E,16
1995,BE,F,21
1995,BE,G,20
1995,BE,H,21
1995,BG,A,7
1995,BG,C,8
1995,BG,D,2
1995,BG,G,15
1995,BG,H,1
1995,CH,A,73
1995,CH,B,98
1995,CH,C,219
1995,CH,D,18
1995,CH,E,11
1995,CH,F,29
1995,CH,G,34
1995,CH,H,51
1995,CZ,A,11
1995,CZ,B,39
1995,CZ,C,14
1995,CZ,D,8
1995,CZ,E,1
1995,CZ,F,16
1995,CZ,G,8
1995,CZ,H,26
1995,DE,A,9604
1995,DE,B,3555
1995,DE,C,11161
1995,DE,D,441
1995,DE,E,978
1995,DE,F,1559
1995,DE,G,1696
1995,DE,H,1715
1995,DK,A,50
1995,DK,B,46
1995,DK,C,75
1995,DK,D,7
1995,DK,E,5
1995,DK,F,20
1995,DK,G,37
1995,DK,H,33
1995,EE,A,14
1995,EE,B,11
1995,EE,D,1
1995,EE,F,5
1995,EE,G,4
1995,EE,H,11
1995,ES,A,88
1995,ES,B,93
1995,ES,C,164
1995,ES,D,42
1995,ES,E,18
1995,ES,F,35
1995,ES,G,26
1995,ES,H,40
1995,FI,A,452
1995,FI,B,328
1995,FI,C,701
1995,FI,D,60
1995,FI,E,23
1995,FI,F,86
1995,FI,G,88
1995,FI,H,107
1995,FR,A,3714
1995,FR,B,1095
1995,FR,C,3655
1995,FR,D,249
1995,FR,E,121
1995,FR,F,461
1995,FR,G,646
1995,FR,H,870
1995,GB,A,2351
1995,GB,B,1112
1995,GB,C,2695
1995,GB,D,144
1995,GB,E,120
1995,GB,F,342
1995,GB,G,432
1995,GB,H,735
1995,GR,A,21
1995,GR,B,3
1995,GR,C,22
1995,GR,F,1
1995,GR,H,3
1995,HR,A,14
1995,HR,C,11
1995,HU,A,34
1995,HU,B,65
1995,HU,C,86
1995,HU,D,10
1995,HU,E,10
1995,HU,F,14
1995,HU,G,37
1995,HU,H,22
1995,IE,A,11
1995,IE,B,7
1995,IE,C,34
1995,IE,D,3
1995,IE,F,1
1995,IE,G,6
1995,IE,H,2
1995,IS,B,2
1995,IS,C,7
1995,IT,A,361
1995,IT,B,794
1995,IT,C,976
1995,IT,D,122
1995,IT,E,127
1995,IT,F,325
1995,IT,G,369
1995,IT,H,437
1995,LT,A,2
1995,LT,H,1
1995,LU,A,11
1995,LU,B,1
1995,LU,F,1
1995,LU,G,19
1995,LU,H,23
1995,LV,A,1
1995,LV,B,3
1995,LV,C,7
1995,LV,E,4
1995,LV,G,3
1995,LV,H,1
1995,NL,A,250
1995,NL,B,149
1995,NL,C,139
1995,NL,D,18
1995,NL,E,39
1995,NL,F,53
1995,NL,G,221
1995,NL,H,470
1995,NO,A,39
1995,NO,B,64
1995,NO,C,112
1995,NO,D,12
1995,NO,E,9
1995,NO,F,21
1995,NO,G,166
1995,NO,H,259
1995,PL,A,27
1995,PL,B,13
1995,PL,C,28
1995,PL,F,4
1995,PL,G,59
1995,PL,H,116
1995,PT,A,2
1995,PT,C,6
1995,PT,D,2
1995,RO,A,17
1995,RO,B,4
1995,RO,C,7
1995,RO,E,2
1995,RU,A,74
1995,RU,B,41
1995,RU,C,58
1995,RU,E,10
1995,RU,F,12
1995,RU,G,110
1995,RU,H,514
1995,SE,A,391
1995,SE,B,269
1995,SE,C,260
1995,SE,D,26
1995,SE,E,70
1995,SE,F,149
1995,SE,G,490
1995,SE,H,1233
1995,SI,A,61
1995,SI,B,4
1995,SI,C,6
1995,SI,D,2
1995,SI,E,5
1995,SI,F,3
1995,SI,G,1
1995,SK,A,8
1995,SK,B,9
1995,SK,C,13
1995,SK,E,1
1995,SK,F,6
1995,SK,G,1
1995,SK,H,3
1996,AT,A,48
1996,AT,B,109
1996,AT,C,187
1996,AT,D,14
1996,AT,E,11
1996,AT,F,28
1996,AT,G,26
1996,AT,H,32
1996,BE,A,6
1996,BE,B,43
1996,BE,C,150
1996,BE,D,7
1996,BE,E,8
1996,BE,F,7
1996,BE,G,19
1996,BE,H,20
1996,BG,A,7
1996,BG,B,7
1996,BG,C,6
1996,BG,E,3
1996,BG,F,2
1996,BG,G,6
1996,CH,A,56
1996,CH,B,83
1996,CH,C,175
1996,CH,D,15
1996,CH,E,15
1996,CH,F,24
1996,CH,G,40
1996,CH,H,20
1996,CZ,A,23
1996,CZ,B,50
1996,CZ,C,35
1996,CZ,D,7
1996,CZ,E,14
1996,CZ,F,21
1996,CZ,G,17
1996,CZ,H,38
1996,DE,A,16961
1996,DE,B,2624
1996,DE,C,12488
1996,DE,D,263
1996,DE,E,763
1996,DE,F,1257
1996,DE,G,1252
1996,DE,H,1363
1996,DK,A,53
1996,DK,B,47
1996,DK,C,61
1996,DK,D,7
1996,DK,E,6
1996,DK,F,23
1996,DK,G,39
1996,DK,H,48
1996,EE,A,12
1996,EE,B,17
1996,EE,C,1
1996,EE,D,1
1996,EE,F,3
1996,EE,G,1
1996,EE,H,2
1996,ES,A,120
1996,ES,B,124
1996,ES,C,213
1996,ES,D,25
1996,ES,E,13
1996,ES,F,36
1996,ES,G,38
1996,ES,H,22
1996,FI,A,454
1996,FI,B,485
1996,FI,C,650
1996,FI,D,78
1996,FI,E,51
1996,FI,F,250
1996,FI,G,173
1996,FI,H,111
1996,FR,A,4124
1996,FR,B,1401
1996,FR,C,3305
1996,FR,D,338
1996,FR,E,138
1996,FR,F,501
1996,FR,G,717
1996,FR,H,901
1996,GB,A,2507
1996,GB,B,1086
1996,GB,C,2613
1996,GB,D,128
1996,GB,E,179
1996,GB,F,443
1996,GB,G,516
1996,GB,H,911
1996,GR,A,14
1996,GR,B,4
1996,GR,C,15
1996,GR,D,10
1996,GR,F,5
1996,GR,H,4
1996,HR,A,3
1996,HR,B,1
1996,HR,C,22
1996,HR,G,17
1996,HR,H,9
1996,HU,A,18
1996,HU,B,58
1996,HU,C,44
1996,HU,D,3
1996,HU,E,3
1996,HU,F,18
1996,HU,G,14
1996,HU,H,15
1996,IE,A,9
1996,IE,B,8
1996,IE,C,27
1996,IE,D,2
1996,IE,E,11
1996,IE,F,7
1996,IE,G,7
1996,IE,H,1
1996,IS,B,2
1996,IT,A,367
1996,IT,B,806
1996,IT,C,1066
1996,IT,D,132
1996,IT,E,118
1996,IT,F,417
1996,IT,G,387
1996,IT,H,450
1996,LT,A,5
1996,LU,A,18
1996,LU,B,6
1996,LU,C,11
1996,LU,F,3
1996,LU,G,8
1996,LU,H,44
1996,LV,A,2
1996,LV,E,12
1996,LV,H,2
1996,NL,A,237
1996,NL,B,115
1996,NL,C,126
1996,NL,D,4
1996,NL,E,15
1996,NL,F,78
1996,NL,G,382
1996,NL,H,586
1996,NO,A,147
1996,NO,B,65
1996,NO,C,113
1996,NO,E,11
1996,NO,F,20
1996,NO,G,125
1996,NO,H,251
1996,PL,A,27
1996,PL,B,16
1996,PL,C,11
1996,PL,D,5
1996,PL,E,3
1996,PL,F,15
1996,PL,G,103
1996,PL,H,70
1996,PT,A,4
1996,PT,B,3
1996,PT,C,17
1996,PT,D,1
1996,PT,G,1
1996,RO,A,8
1996,RO,B,2
1996,RO,C,4
1996,RO,G,1
1996,RO,H,2
1996,RU,A,151
1996,RU,B,48
1996,RU,C,116
1996,RU,D,10
1996,RU,E,6
1996,RU,F,13
1996,RU,G,111
1996,RU,H,531
1996,SE,A,645
1996,SE,B,419
1996,SE,C,441
1996,SE,D,77
1996,SE,E,53
1996,SE,F,129
1996,SE,G,660
1996,SE,H,1256
1996,SI,A,1
1996,SI,E,46
1996,SI,H,13
1996,SK,A,6
1996,SK,B,15
1996,SK,C,18
1996,SK,E,1
1996,SK,F,7
1996,SK,G,4
1997,AT,A,70
1997,AT,B,129
1997,AT,C,191
1997,AT,D,21
1997,AT,E,13
1997,AT,F,49
1997,AT,G,30
1997,AT,H,54
1997,BE,A,41
1997,BE,B,54
1997,BE,C,121
1997,BE,D,12
1997,BE,E,3
1997,BE,F,8
1997,BE,G,6
1997,BE,H,11
1997,BG,A,2
1997,BG,B,10
1997,BG,C,19
1997,BG,E,1
1997,CH,A,57
1997,CH,B,74
1997,CH,C,162
1997,CH,D,13
1997,CH,E,12
1997,CH,F,23
1997,CH,G,19
1997,CH,H,27
1997,CZ,A,30
1997,CZ,B,54
1997,CZ,C,43
1997,CZ,D,18
1997,CZ,E,9
1997,CZ,F,28
1997,CZ,G,16
1997,CZ,H,37
1997,DE,A,20227
1997,DE,B,3872
1997,DE,C,10873
1997,DE,D,571
1997,DE,E,626
1997,DE,F,1900
1997,DE,G,1565
1997,DE,H,1378
1997,DK,A,32
1997,DK,B,43
1997,DK,C,52
1997,DK,D,10
1997,DK,E,5
1997,DK,F,29
1997,DK,G,30
1997,DK,H,39
1997,EE,A,18
1997,EE,B,5
1997,EE,C,5
1997,EE,F,11
1997,EE,H,1
1997,ES,A,89
1997,ES,B,129
1997,ES,C,232
1997,ES,D,16
1997,ES,E,26
1997,ES,F,53
1997,ES,G,73
1997,ES,H,46
1997,FI,A,548
1997,FI,B,578
1997,FI,C,919
1997,FI,D,119
1997,FI,E,91
1997,FI,F,299
1997,FI,G,271
1997,FI,H,143
1997,FR,A,5325
1997,FR,B,3993
1997,FR,C,4459
1997,FR,D,460
1997,FR,E,664
1997,FR,F,1826
1997,FR,G,1656
1997,FR,H,2429
1997,GB,A,2761
1997,GB,B,1131
1997,GB,C,2713
1997,GB,D,125
1997,GB,E,111
1997,GB,F,417
1997,GB,G,620
1997,GB,H,849
1997,GR,A,11
1997,GR,B,12
1997,GR,C,30
1997,GR,F,2
1997,GR,G,4
1997,HR,A,13
1997,HR,B,13
1997,HR,C,3
1997,HR,D,14
1997,HR,F,2
1997,HR,G,5
1997,HU,A,21
1997,HU,B,54
1997,HU,C,115
1997,HU,D,4
1997,HU,E,2
1997,HU,F,28
1997,HU,G,35
1997,HU,H,36
1997,IE,A,16
1997,IE,B,22
1997,IE,C,34
1997,IE,D,15
1997,IE,E,1
1997,IE,F,4
1997,IE,G,9
1997,IE,H,19
1997,IS,A,2
1997,IS,B,5
1997,IS,C,6
1997,IT,A,378
1997,IT,B,813
1997,IT,C,1415
1997,IT,D,125
1997,IT,E,127
1997,IT,F,369
1997,IT,G,467
1997,IT,H,524
1997,LT,A,5
1997,LT,H,4
1997,LU,A,14
1997,LU,B,13
1997,LU,C,9
1997,LU,E,3
1997,LU,F,7
1997,LU,G,22
1997,LU,H,52
1997,LV,A,10
1997,LV,C,4
1997,LV,E,4
1997,LV,F,1
1997,LV,G,5
1997,LV,H,8
1997,NL,A,220
1997,NL,B,181
1997,NL,C,188
1997,NL,D,6
1997,NL,E,19
1997,NL,F,69
1997,NL,G,258
1997,NL,H,630
1997,NO,A,53
1997,NO,B,75
1997,NO,C,53
1997,NO,E,28
1997,NO,F,21
1997,NO,G,150
1997,NO,H,361
1997,PL,A,128
1997,PL,B,24
1997,PL,C,62
1997,PL,D,12
1997,PL,E,5
1997,PL,F,10
1997,PL,G,18
1997,PL,H,22
1997,PT,A,1
1997,PT,C,10
1997,RO,B,5
1997,RO,C,11
1997,RO,D,5
1997,RO,F,1
1997,RO,G,4
1997,RU,A,377
1997,RU,B,53
1997,RU,C,62
1997,RU,E,4
1997,RU,F,7
1997,RU,G,169
1997,RU,H,241
1997,SE,A,1200
1997,SE,B,471
1997,SE,C,554
1997,SE,D,85
1997,SE,E,50
1997,SE,F,340
1997,SE,G,598
1997,SE,H,946
1997,SI,A,11
1997,SI,B,5
1997,SI,C,3
1997,SI,E,7
1997,SI,F,3
1997,SI,G,3
1997,SI,H,2
1997,SK,A,7
1997,SK,B,9
1997,SK,C,23
1997,SK,D,2
1997,SK,E,3
1997,SK,F,4
1997,SK,G,4
1997,SK,H,2
1998,AT,A,46
1998,AT,B,108
1998,AT,C,219
1998,AT,D,20
1998,AT,E,6
1998,AT,F,31
1998,AT,G,33
1998,AT,H,63
1998,BE,A,7
1998,BE,B,39
1998,BE,C,64
1998,BE,D,4
1998,BE,E,2
1998,BE,F,8
1998,BE,G,5
1998,BE,H,27
1998,BG,B,6
1998,BG,C,11
1998,BG,F,10
1998,BG,G,10
1998,CH,A,51
1998,CH,B,55
1998,CH,C,105
1998,CH,D,2
1998,CH,E,11
1998,CH,F,20
1998,CH,G,20
1998,CH,H,21
1998,CZ,A,48
1998,CZ,B,128
1998,CZ,C,78
1998,CZ,D,26
1998,CZ,E,30
1998,CZ,F,52
1998,CZ,G,38
1998,CZ,H,100
1998,DE,A,6312
1998,DE,B,11130
1998,DE,C,14357
1998,DE,D,2243
1998,DE,E,1898
1998,DE,F,5128
1998,DE,G,3145
1998,DE,H,4084
1998,DK,A,64
1998,DK,B,64
1998,DK,C,69
1998,DK,D,9
1998,DK,E,11
1998,DK,F,26
1998,DK,G,29
1998,DK,H,42
1998,EE,A,11
1998,EE,B,13
1998,EE,C,22
1998,EE,D,2
1998,EE,E,1
1998,EE,F,4
1998,EE,G,2
1998,EE,H,10
1998,ES,A,134
1998,ES,B,173
1998,ES,C,297
1998,ES,D,12
1998,ES,E,21
1998,ES,F,46
1998,ES,G,37
1998,ES,H,28
1998,FI,A,705
1998,FI,B,817
1998,FI,C,1337
1998,FI,D,165
1998,FI,E,104
1998,FI,F,342
1998,FI,G,228
1998,FI,H,169
1998,FR,A,6911
1998,FR,B,2613
1998,FR,C,5696
1998,FR,D,393
1998,FR,E,352
1998,FR,F,1214
1998,FR,G,1379
1998,FR,H,2524
1998,GB,A,2747
1998,GB,B,1357
1998,GB,C,2102
1998,GB,D,191
1998,GB,E,251
1998,GB,F,574
1998,GB,G,659
1998,GB,H,961
1998,GR,A,21
1998,GR,B,9
1998,GR,C,27
1998,GR,D,2
1998,GR,F,4
1998,GR,H,3
1998,HR,A,15
1998,HR,B,8
1998,HR,C,21
1998,HR,F,3
1998,HU,A,22
1998,HU,B,51
1998,HU,C,68
1998,HU,D,4
1998,HU,E,2
1998,HU,F,22
1998,HU,G,23
1998,HU,H,21
1998,IE,A,39
1998,IE,B,14
1998,IE,C,67
1998,IE,D,27
1998,IE,F,11
1998,IE,G,10
1998,IE,H,6
1998,IS,C,4
1998,IT,A,479
1998,IT,B,924
1998,IT,C,1284
1998,IT,D,117
1998,IT,E,106
1998,IT,F,352
1998,IT,G,538
1998,IT,H,511
1998,LT,G,2
1998,LT,H,7
1998,LU,B,8
1998,LU,G,35
1998,LU,H,56
1998,LV,A,9
1998,NL,A,642
1998,NL,B,149
1998,NL,C,235
1998,NL,D,11
1998,NL,E,29
1998,NL,F,60
1998,NL,G,210
1998,NL,H,361
1998,NO,A,56
1998,NO,B,68
1998,NO,C,40
1998,NO,D,7
1998,NO,E,12
1998,NO,F,29
1998,NO,G,158
1998,NO,H,426
1998,PL,A,42
1998,PL,B,62
1998,PL,C,41
1998,PL,D,16
1998,PL,E,1
1998,PL,F,12
1998,PL,G,32
1998,PL,H,45
1998,PT,A,2
1998,PT,B,1
1998,PT,C,10
1998,PT,F,3
1998,PT,G,1
1998,PT,H,1
1998,RO,B,6
1998,RO,C,8
1998,RO,E,2
1998,RO,G,2
1998,RO,H,2
1998,RU,A,296
1998,RU,B,99
1998,RU,C,143
1998,RU,D,8
1998,RU,E,60
1998,RU,F,68
1998,RU,G,156
1998,RU,H,281
1998,SE,A,1321
1998,SE,B,430
1998,SE,C,503
1998,SE,D,30
1998,SE,E,53
1998,SE,F,265
1998,SE,G,511
1998,SE,H,761
1998,SI,A,23
1998,SI,B,2
1998,SI,C,3
1998,SI,G,20
1998,SI,H,22
1998,SK,A,6
1998,SK,B,6
1998,SK,C,6
1998,SK,F,2
1998,SK,G,4
1998,SK,H,2
1999,AT,A,62
1999,AT,B,106
1999,AT,C,179
1999,AT,D,21
1999,AT,E,10
1999,AT,F,39
1999,AT,G,31
1999,AT,H,66
1999,BE,A,34
1999,BE,B,26
1999,BE,C,67
1999,BE,D,2
1999,BE,E,16
1999,BE,F,2
1999,BE,G,3
1999,BG,A,6
1999,BG,B,5
1999,BG,C,20
1999,BG,E,2
1999,BG,F,1
1999,BG,G,3
1999,BG,H,2
1999,CH,A,33
1999,CH,B,52
1999,CH,C,100
1999,CH,D,4
1999,CH,E,9
1999,CH,F,14
1999,CH,G,21
1999,CH,H,17
1999,CZ,A,51
1999,CZ,B,137
1999,CZ,C,88
1999,CZ,D,29
1999,CZ,E,27
1999,CZ,F,51
1999,CZ,G,25
1999,CZ,H,75
1999,DE,A,10453
1999,DE,B,12172
1999,DE,C,13750
1999,DE,D,1890
1999,DE,E,1661
1999,DE,F,5138
1999,DE,G,3826
1999,DE,H,5070
1999,DK,A,41
1999,DK,B,41
1999,DK,C,41
1999,DK,D,4
1999,DK,E,5
1999,DK,F,31
1999,DK,G,13
1999,DK,H,27
1999,EE,A,6
1999,EE,B,14
1999,EE,C,2
1999,EE,F,7
1999,EE,H,3
1999,ES,A,132
1999,ES,B,166
1999,ES,C,355
1999,ES,D,35
1999,ES,E,27
1999,ES,F,100
1999,ES,G,70
1999,ES,H,48
1999,FI,A,749
1999,FI,B,751
1999,FI,C,1054
1999,FI,D,155
1999,FI,E,135
1999,FI,F,351
1999,FI,G,256
1999,FI,H,242
1999,FR,A,8308
1999,FR,B,2323
1999,FR,C,7280
1999,FR,D,532
1999,FR,E,339
1999,FR,F,709
1999,FR,G,1176
1999,FR,H,1964
1999,GB,A,2640
1999,GB,B,1929
1999,GB,C,1558
1999,GB,D,156
1999,GB,E,369
1999,GB,F,752
1999,GB,G,985
1999,GB,H,1052
1999,GR,A,32
1999,GR,B,33
1999,GR,C,69
1999,GR,D,5
1999,GR,E,15
1999,GR,F,6
1999,GR,H,2
1999,HR,A,24
1999,HR,B,7
1999,HR,C,4
1999,HR,G,12
1999,HU,A,13
1999,HU,B,48
1999,HU,C,69
1999,HU,D,5
1999,HU,E,2
1999,HU,F,18
1999,HU,G,43
1999,HU,H,20
1999,IE,A,18
1999,IE,B,27
1999,IE,C,36
1999,IE,D,9
1999,IE,E,5
1999,IE,F,9
1999,IE,G,4
1999,IE,H,33
1999,IS,C,5
1999,IT,A,451
1999,IT,B,1045
1999,IT,C,1379
1999,IT,D,153
1999,IT,E,177
1999,IT,F,411
1999,IT,G,574
1999,IT,H,521
1999,LT,A,3
1999,LT,H,2
1999,LU,B,8
1999,LU,C,9
1999,LU,G,30
1999,LU,H,44
1999,LV,A,4
1999,NL,A,342
1999,NL,B,186
1999,NL,C,177
1999,NL,D,27
1999,NL,E,49
1999,NL,F,94
1999,NL,G,255
1999,NL,H,641
1999,NO,A,154
1999,NO,B,63
1999,NO,C,79
1999,NO,D,9
1999,NO,E,8
1999,NO,F,31
1999,NO,G,257
1999,NO,H,288
1999,PL,A,44
1999,PL,B,43
1999,PL,C,77
1999,PL,D,12
1999,PL,E,3
1999,PL,F,14
1999,PL,G,5
1999,PL,H,31
1999,PT,A,2
1999,PT,B,7
1999,PT,C,12
1999,PT,D,2
1999,PT,E,1
1999,PT,F,3
1999,PT,G,6
1999,PT,H,1
1999,RO,A,2
1999,RO,C,5
1999,RO,G,2
1999,RU,A,210
1999,RU,B,89
1999,RU,C,165
1999,RU,E,7
1999,RU,F,39
1999,RU,G,310
1999,RU,H,485
1999,SE,A,1016
1999,SE,B,786
1999,SE,C,1022
1999,SE,D,56
1999,SE,E,172
1999,SE,F,329
1999,SE,G,610
1999,SE,H,537
1999,SI,A,2
1999,SI,B,13
1999,SI,C,9
1999,SI,F,4
1999,SI,G,11
1999,SI,H,24
1999,SK,A,8
1999,SK,B,9
1999,SK,C,7
1999,SK,E,2
1999,SK,F,5
1999,SK,G,3
2000,AT,A,64
2000,AT,B,111
2000,AT,C,188
2000,AT,D,10
2000,AT,E,13
2000,AT,F,26
2000,AT,G,43
2000,AT,H,19
2000,BE,A,11
2000,BE,B,15
2000,BE,C,75
2000,BE,D,2
2000,BE,E,1
2000,BE,F,5
2000,BE,G,2
2000,BE,H,4
2000,BG,A,2
2000,BG,B,7
2000,BG,C,3
2000,BG,D,12
2000,BG,F,4
2000,BG,G,1
2000,BG,H,6
2000,CH,A,36
2000,CH,B,42
2000,CH,C,117
2000,CH,D,12
2000,CH,E,16
2000,CH,F,16
2000,CH,G,15
2000,CH,H,9
2000,CZ,A,12
2000,CZ,B,53
2000,CZ,C,15
2000,CZ,D,11
2000,CZ,E,14
2000,CZ,F,18
2000,CZ,G,14
2000,CZ,H,48
2000,DE,A,5396
2000,DE,B,10626
2000,DE,C,21015
2000,DE,D,2761
2000,DE,E,1965
2000,DE,F,4684
2000,DE,G,5518
2000,DE,H,5427
2000,DK,A,26
2000,DK,B,56
2000,DK,C,49
2000,DK,D,7
2000,DK,E,8
2000,DK,F,22
2000,DK,G,56
2000,DK,H,9
2000,EE,B,22
2000,EE,C,1
2000,EE,E,1
2000,EE,F,1
2000,ES,A,199
2000,ES,B,198
2000,ES,C,318
2000,ES,D,34
2000,ES,E,28
2000,ES,F,78
2000,ES,G,83
2000,ES,H,61
2000,FI,A,759
2000,FI,B,898
2000,FI,C,1416
2000,FI,D,173
2000,FI,E,114
2000,FI,F,445
2000,FI,G,293
2000,FI,H,353
2000,FR,A,5515
2000,FR,B,4042
2000,FR,C,7794
2000,FR,D,1006
2000,FR,E,438
2000,FR,F,1366
2000,FR,G,1390
2000,FR,H,1889
2000,GB,A,3502
2000,GB,B,1006
2000,GB,C,3388
2000,GB,D,252
2000,GB,E,83
2000,GB,F,315
2000,GB,G,514
2000,GB,H,755
2000,GR,A,10
2000,GR,B,13
2000,GR,C,51
2000,GR,D,1
2000,GR,F,1
2000,HR,A,31
2000,HR,B,15
2000,HR,C,14
2000,HR,E,1
2000,HR,F,1
2000,HR,G,12
2000,HR,H,1
2000,HU,A,16
2000,HU,B,61
2000,HU,C,48
2000,HU,D,12
2000,HU,E,7
2000,HU,F,15
2000,HU,G,33
2000,HU,H,16
2000,IE,A,20
2000,IE,B,36
2000,IE,C,56
2000,IE,E,1
2000,IE,F,14
2000,IE,G,9
2000,IE,H,19
2000,IS,C,4
2000,IT,A,462
2000,IT,B,1117
2000,IT,C,1548
2000,IT,D,111
2000,IT,E,145
2000,IT,F,401
2000,IT,G,546
2000,IT,H,603
2000,LT,C,2
2000,LT,G,3
2000,LT,H,1
2000,LU,A,10
2000,LU,B,8
2000,LU,C,3
2000,LU,E,5
2000,LU,F,6
2000,LU,G,10
2000,LU,H,94
2000,LV,A,5
2000,LV,B,5
2000,LV,C,2
2000,LV,H,2
2000,NL,A,132
2000,NL,B,193
2000,NL,C,324
2000,NL,D,13
2000,NL,E,6
2000,NL,F,88
2000,NL,G,315
2000,NL,H,613
2000,NO,A,89
2000,NO,B,139
2000,NO,C,110
2000,NO,D,26
2000,NO,E,2
2000,NO,F,44
2000,NO,G,149
2000,NO,H,340
2000,PL,A,39
2000,PL,B,40
2000,PL,C,84
2000,PL,D,12
2000,PL,E,2
2000,PL,F,13
2000,PL,G,48
2000,PL,H,45
2000,PT,A,14
2000,PT,B,5
2000,PT,C,11
2000,PT,D,1
2000,PT,E,5
2000,PT,F,3
2000,RO,G,5
2000,RO,H,6
2000,RU,A,121
2000,RU,B,83
2000,RU,C,172
2000,RU,D,5
2000,RU,E,178
2000,RU,F,32
2000,RU,G,296
2000,RU,H,384
2000,SE,A,1406
2000,SE,B,417
2000,SE,C,787
2000,SE,D,25
2000,SE,E,91
2000,SE,F,207
2000,SE,G,680
2000,SE,H,1012
2000,SI,A,24
2000,SI,B,14
2000,SI,E,1
2000,SI,F,6
2000,SI,G,6
2000,SI,H,26
2000,SK,A,2
2000,SK,B,3
2000,SK,C,12
2000,SK,D,6
2000,SK,E,3
2000,SK,G,7
2000,SK,H,11
2001,AT,A,58
2001,AT,B,88
2001,AT,C,212
2001,AT,D,21
2001,AT,E,12
2001,AT,F,30
2001,AT,G,39
2001,AT,H,31
2001,BE,A,9
2001,BE,B,10
2001,BE,C,87
2001,BE,E,5
2001,BE,F,10
2001,BE,G,5
2001,BE,H,1
2001,BG,A,4
2001,BG,B,9
2001,BG,C,12
2001,BG,F,11
2001,BG,G,1
2001,BG,H,1
2001,CH,A,29
2001,CH,B,44
2001,CH,C,101
2001,CH,D,12
2001,CH,E,5
2001,CH,F,29
2001,CH,G,15
2001,CH,H,14
2001,CZ,A,10
2001,CZ,B,54
2001,CZ,C,26
2001,CZ,D,7
2001,CZ,E,9
2001,CZ,F,13
2001,CZ,G,11
2001,CZ,H,42
2001,DE,A,8930
2001,DE,B,10704
2001,DE,C,21357
2001,DE,D,2530
2001,DE,E,2056
2001,DE,F,4042
2001,DE,G,4505
2001,DE,H,4072
2001,DK,A,44
2001,DK,B,41
2001,DK,C,17
2001,DK,D,3
2001,DK,F,13
2001,DK,G,55
2001,DK,H,43
2001,EE,A,6
2001,EE,B,9
2001,EE,C,4
2001,EE,E,6
2001,EE,F,6
2001,EE,G,5
2001,EE,H,5
2001,ES,A,213
2001,ES,B,192
2001,ES,C,440
2001,ES,D,45
2001,ES,E,12
2001,ES,F,108
2001,ES,G,63
2001,ES,H,63
2001,FI,A,1046
2001,FI,B,701
2001,FI,C,1335
2001,FI,D,174
2001,FI,E,72
2001,FI,F,278
2001,FI,G,201
2001,FI,H,399
2001,FR,A,5323
2001,FR,B,4869
2001,FR,C,6401
2001,FR,D,848
2001,FR,E,522
2001,FR,F,1985
2001,FR,G,1659
2001,FR,H,1872
2001,GB,A,3411
2001,GB,B,1112
2001,GB,C,3178
2001,GB,D,272
2001,GB,E,122
2001,GB,F,338
2001,GB,G,600
2001,GB,H,795
2001,GR,A,19
2001,GR,B,9
2001,GR,C,56
2001,GR,D,10
2001,GR,E,1
2001,GR,F,6
2001,GR,G,1
2001,GR,H,1
2001,HR,A,7
2001,HR,B,2
2001,HR,C,51
2001,HR,H,1
2001,HU,A,21
2001,HU,B,41
2001,HU,C,102
2001,HU,D,5
2001,HU,E,6
2001,HU,F,11
2001,HU,G,22
2001,HU,H,8
2001,IE,A,8
2001,IE,B,24
2001,IE,C,51
2001,IE,D,1
2001,IE,E,1
2001,IE,F,14
2001,IE,G,12
2001,IE,H,3
2001,IS,C,1
2001,IT,A,491
2001,IT,B,1091
2001,IT,C,1750
2001,IT,D,197
2001,IT,E,144
2001,IT,F,474
2001,IT,G,507
2001,IT,H,542
2001,LT,G,7
2001,LU,A,28
2001,LU,B,1
2001,LU,C,23
2001,LU,G,16
2001,LU,H,48
2001,LV,H,13
2001,NL,A,70
2001,NL,B,100
2001,NL,C,60
2001,NL,D,17
2001,NL,E,16
2001,NL,F,26
2001,NL,G,282
2001,NL,H,765
2001,NO,A,177
2001,NO,B,86
2001,NO,C,130
2001,NO,D,10
2001,NO,E,63
2001,NO,F,35
2001,NO,G,121
2001,NO,H,250
2001,PL,A,104
2001,PL,B,63
2001,PL,C,69
2001,PL,D,18
2001,PL,E,7
2001,PL,F,8
2001,PL,G,46
2001,PL,H,46
2001,PT,A,15
2001,PT,B,3
2001,PT,C,11
2001,PT,E,3
2001,PT,F,3
2001,PT,G,5
2001,PT,H,15
2001,RO,A,6
2001,RO,E,4
2001,RO,G,9
2001,RO,H,4
2001,RU,A,273
2001,RU,B,75
2001,RU,C,290
2001,RU,D,4
2001,RU,E,1
2001,RU,F,4
2001,RU,G,243
2001,RU,H,496
2001,SE,A,922
2001,SE,B,429
2001,SE,C,492
2001,SE,D,63
2001,SE,E,226
2001,SE,F,209
2001,SE,G,682
2001,SE,H,1365
2001,SI,A,3
2001,SI,B,10
2001,SI,C,4
2001,SI,F,1
2001,SI,G,25
2001,SI,H,35
2001,SK,A,1
2001,SK,C,2
2001,SK,D,2
2001,SK,E,1
2001,SK,G,5
2001,SK,H,9
2002,AT,A,76
2002,AT,B,95
2002,AT,C,191
2002,AT,D,18
2002,AT,E,8
2002,AT,F,33
2002,AT,G,32
2002,AT,H,40
2002,BE,A,3
2002,BE,B,20
2002,BE,C,44
2002,BE,D,3
2002,BE,E,5
2002,BE,F,7
2002,BE,G,10
2002,BE,H,15
2002,BG,C,25
2002,BG,D,6
2002,BG,F,1
2002,BG,H,6
2002,CH,A,47
2002,CH,B,37
2002,CH,C,109
2002,CH,D,12
2002,CH,E,3
2002,CH,F,25
2002,CH,G,12
2002,CH,H,17
2002,CZ,A,10
2002,CZ,B,36
2002,CZ,C,38
2002,CZ,D,15
2002,CZ,E,7
2002,CZ,F,21
2002,CZ,G,12
2002,CZ,H,26
2002,DE,A,11670
2002,DE,B,11053
2002,DE,C,14153
2002,DE,D,1986
2002,DE,E,3835
2002,DE,F,4554
2002,DE,G,4594
2002,DE,H,3383
2002,DK,A,27
2002,DK,B,59
2002,DK,C,28
2002,DK,D,7
2002,DK,E,18
2002,DK,F,46
2002,DK,G,48
2002,DK,H,7
2002,EE,A,1
2002,EE,B,19
2002,EE,C,2
2002,EE,F,10
2002,EE,G,6
2002,EE,H,3
2002,ES,A,229
2002,ES,B,176
2002,ES,C,437
2002,ES,D,84
2002,ES,E,19
2002,ES,F,82
2002,ES,G,103
2002,ES,H,60
2002,FI,A,968
2002,FI,B,693
2002,FI,C,1374
2002,FI,D,206
2002,FI,E,58
2002,FI,F,210
2002,FI,G,167
2002,FI,H,195
2002,FR,A,6529
2002,FR,B,3569
2002,FR,C,8385
2002,FR,D,758
2002,FR,E,264
2002,FR,F,1139
2002,FR,G,1369
2002,FR,H,1974
2002,GB,A,3579
2002,GB,B,1002
2002,GB,C,3163
2002,GB,D,231
2002,GB,E,78
2002,GB,F,307
2002,GB,G,385
2002,GB,H,502
2002,GR,A,40
2002,GR,B,10
2002,GR,C,50
2002,GR,D,4
2002,GR,F,9
2002,GR,G,5
2002,GR,H,7
2002,HR,A,47
2002,HR,B,17
2002,HR,C,23
2002,HR,D,1
2002,HR,F,4
2002,HR,G,23
2002,HU,A,32
2002,HU,B,55
2002,HU,C,74
2002,HU,D,9
2002,HU,E,2
2002,HU,F,14
2002,HU,G,31
2002,HU,H,23
2002,IE,A,14
2002,IE,B,39
2002,IE,C,51
2002,IE,D,10
2002,IE,E,6
2002,IE,F,6
2002,IE,G,16
2002,IE,H,5
2002,IS,B,4
2002,IS,H,8
2002,IT,A,443
2002,IT,B,1133
2002,IT,C,1732
2002,IT,D,281
2002,IT,E,155
2002,IT,F,521
2002,IT,G,545
2002,IT,H,555
2002,LT,G,2
2002,LT,H,4
2002,LU,A,8
2002,LU,B,4
2002,LU,C,4
2002,LU,G,7
2002,LU,H,30
2002,LV,A,6
2002,LV,G,4
2002,LV,H,15
2002,NL,A,197
2002,NL,B,127
2002,NL,C,107
2002,NL,D,16
2002,NL,E,12
2002,NL,F,53
2002,NL,G,278
2002,NL,H,586
2002,NO,A,94
2002,NO,B,96
2002,NO,C,69
2002,NO,D,13
2002,NO,E,10
2002,NO,F,30
2002,NO,G,207
2002,NO,H,328
2002,PL,A,106
2002,PL,B,98
2002,PL,C,113
2002,PL,D,21
2002,PL,E,36
2002,PL,F,30
2002,PL,G,82
2002,PL,H,94
2002,PT,A,8
2002,PT,B,16
2002,PT,C,14
2002,PT,D,6
2002,PT,G,5
2002,PT,H,13
2002,RO,A,14
2002,RO,C,1
2002,RU,A,134
2002,RU,B,94
2002,RU,C,152
2002,RU,D,14
2002,RU,E,167
2002,RU,F,46
2002,RU,G,205
2002,RU,H,407
2002,SE,A,471
2002,SE,B,476
2002,SE,C,339
2002,SE,D,53
2002,SE,E,62
2002,SE,F,188
2002,SE,G,934
2002,SE,H,1452
2002,SI,A,14
2002,SI,B,8
2002,SI,C,11
2002,SI,D,1
2002,SI,F,5
2002,SI,G,51
2002,SI,H,58
2002,SK,A,1
2002,SK,B,3
2002,SK,C,5
2002,SK,D,1
2002,SK,E,2
2002,SK,G,4
2002,SK,H,13
2003,AT,A,71
2003,AT,B,134
2003,AT,C,264
2003,AT,D,18
2003,AT,E,8
2003,AT,F,49
2003,AT,G,55
2003,AT,H,44
2003,BE,A,26
2003,BE,B,18
2003,BE,C,66
2003,BE,F,4
2003,BE,H,2
2003,BG,A,11
2003,BG,B,2
2003,BG,C,34
2003,BG,E,4
2003,BG,F,4
2003,BG,H,3
2003,CH,A,53
2003,CH,B,52
2003,CH,C,129
2003,CH,D,10
2003,CH,E,15
2003,CH,F,24
2003,CH,G,23
2003,CH,H,17
2003,CZ,A,14
2003,CZ,B,49
2003,CZ,C,34
2003,CZ,D,23
2003,CZ,E,14
2003,CZ,F,38
2003,CZ,G,26
2003,CZ,H,61
2003,DE,A,12183
2003,DE,B,8010
2003,DE,C,21669
2003,DE,D,981
2003,DE,E,1330
2003,DE,F,2356
2003,DE,G,5191
2003,DE,H,3888
2003,DK,A,26
2003,DK,B,73
2003,DK,C,51
2003,DK,D,9
2003,DK,F,30
2003,DK,G,25
2003,DK,H,11
2003,EE,A,2
2003,EE,B,13
2003,EE,C,11
2003,EE,F,4
2003,EE,H,2
2003,ES,A,161
2003,ES,B,258
2003,ES,C,444
2003,ES,D,62
2003,ES,E,36
2003,ES,F,115
2003,ES,G,34
2003,ES,H,76
2003,FI,A,941
2003,FI,B,745
2003,FI,C,1219
2003,FI,D,162
2003,FI,E,56
2003,FI,F,194
2003,FI,G,200
2003,FI,H,210
2003,FR,A,5936
2003,FR,B,4641
2003,FR,C,7306
2003,FR,D,704
2003,FR,E,431
2003,FR,F,1682
2003,FR,G,1752
2003,FR,H,2071
2003,GB,A,1966
2003,GB,B,1034
2003,GB,C,4673
2003,GB,D,192
2003,GB,E,84
2003,GB,F,340
2003,GB,G,293
2003,GB,H,578
2003,GR,A,9
2003,GR,B,26
2003,GR,C,43
2003,GR,D,1
2003,GR,E,4
2003,GR,G,19
2003,GR,H,6
2003,HR,A,14
2003,HR,B,26
2003,HR,C,40
2003,HR,E,11
2003,HR,F,4
2003,HR,G,14
2003,HR,H,2
2003,HU,A,24
2003,HU,B,31
2003,HU,C,99
2003,HU,D,7
2003,HU,E,3
2003,HU,F,12
2003,HU,G,23
2003,HU,H,9
2003,IE,A,8
2003,IE,B,34
2003,IE,C,20
2003,IE,D,14
2003,IE,E,6
2003,IE,F,6
2003,IE,G,19
2003,IE,H,5
2003,IS,B,6
2003,IS,C,2
2003,IT,A,419
2003,IT,B,994
2003,IT,C,2058
2003,IT,D,345
2003,IT,E,140
2003,IT,F,501
2003,IT,G,388
2003,IT,H,559
2003,LT,A,2
2003,LT,E,1
2003,LT,F,1
2003,LT,G,8
2003,LT,H,9
2003,LU,A,13
2003,LU,C,3
2003,LV,B,5
2003,LV,F,1
2003,LV,G,1
2003,LV,H,12
2003,NL,A,366
2003,NL,B,110
2003,NL,C,173
2003,NL,D,30
2003,NL,E,22
2003,NL,F,66
2003,NL,G,280
2003,NL,H,462
2003,NO,A,224
2003,NO,B,56
2003,NO,C,113
2003,NO,D,40
2003,NO,E,121
2003,NO,F,34
2003,NO,G,94
2003,NO,H,125
2003,PL,A,86
2003,PL,B,49
2003,PL,C,123
2003,PL,D,10
2003,PL,E,7
2003,PL,F,14
2003,PL,G,73
2003,PL,H,70
2003,PT,A,17
2003,PT,B,9
2003,PT,C,16
2003,PT,D,1
2003,PT,E,1
2003,PT,F,4
2003,PT,G,15
2003,PT,H,5
2003,RO,A,8
2003,RO,B,8
2003,RO,C,7
2003,RO,G,12
2003,RO,H,3
2003,RU,A,206
2003,RU,B,98
2003,RU,C,126
2003,RU,D,16
2003,RU,E,56
2003,RU,F,43
2003,RU,G,311
2003,RU,H,521
2003,SE,A,631
2003,SE,B,284
2003,SE,C,300
2003,SE,D,45
2003,SE,E,130
2003,SE,F,153
2003,SE,G,735
2003,SE,H,1527
2003,SI,A,9
2003,SI,B,19
2003,SI,C,9
2003,SI,E,1
2003,SI,F,18
2003,SI,G,58
2003,SI,H,73
2003,SK,A,2
2003,SK,B,2
2003,SK,C,4
2003,SK,D,1
2003,SK,E,5
2003,SK,F,2
2003,SK,G,8
2003,SK,H,9
2004,AT,A,88
2004,AT,B,162
2004,AT,C,254
2004,AT,D,19
2004,AT,E,22
2004,AT,F,63
2004,AT,G,52
2004,AT,H,41
2004,BE,A,3
2004,BE,B,15
2004,BE,C,52
2004,BE,D,6
2004,BE,F,13
2004,BE,G,11
2004,BE,H,2
2004,BG,A,5
2004,BG,B,1
2004,BG,C,19
2004,BG,D,1
2004,BG,F,8
2004,CH,A,34
2004,CH,B,70
2004,CH,C,137
2004,CH,D,9
2004,CH,E,20
2004,CH,F,24
2004,CH,G,30
2004,CH,H,24
2004,CZ,A,16
2004,CZ,B,58
2004,CZ,C,30
2004,CZ,D,17
2004,CZ,E,8
2004,CZ,F,22
2004,CZ,G,26
2004,CZ,H,57
2004,DE,A,29072
2004,DE,B,11689
2004,DE,C,21926
2004,DE,D,1750
2004,DE,E,1324
2004,DE,F,4626
2004,DE,G,5872
2004,DE,H,6635
2004,DK,A,44
2004,DK,B,41
2004,DK,C,16
2004,DK,E,4
2004,DK,F,24
2004,DK,G,38
2004,DK,H,29
2004,EE,A,1
2004,EE,B,9
2004,EE,C,21
2004,EE,D,3
2004,EE,E,1
2004,EE,H,1
2004,ES,A,300
2004,ES,B,307
2004,ES,C,425
2004,ES,D,38
2004,ES,E,30
2004,ES,F,139
2004,ES,G,124
2004,ES,H,155
2004,FI,A,681
2004,FI,B,468
2004,FI,C,1265
2004,FI,D,150
2004,FI,E,58
2004,FI,F,163
2004,FI,G,142
2004,FI,H,657
2004,FR,A,5632
2004,FR,B,3078
2004,FR,C,6185
2004,FR,D,557
2004,FR,E,347
2004,FR,F,1079
2004,FR,G,1316
2004,FR,H,1724
2004,GB,A,1557
2004,GB,B,1357
2004,GB,C,4008
2004,GB,D,366
2004,GB,E,184
2004,GB,F,575
2004,GB,G,350
2004,GB,H,810
2004,GR,A,5
2004,GR,B,11
2004,GR,C,25
2004,GR,D,3
2004,GR,G,4
2004,GR,H,13
2004,HR,A,7
2004,HR,B,6
2004,HR,C,24
2004,HR,F,21
2004,HR,G,1
2004,HR,H,1
2004,HU,A,24
2004,HU,B,35
2004,HU,C,102
2004,HU,D,23
2004,HU,E,6
2004,HU,F,26
2004,HU,G,47
2004,HU,H,7
2004,IE,A,24
2004,IE,B,29
2004,IE,C,51
2004,IE,D,14
2004,IE,F,21
2004,IE,G,27
2004,IE,H,6
2004,IS,A,4
2004,IS,C,5
2004,IS,D,1
2004,IS,H,2
2004,IT,A,626
2004,IT,B,1035
2004,IT,C,1531
2004,IT,D,113
2004,IT,E,136
2004,IT,F,546
2004,IT,G,793
2004,IT,H,614
2004,LT,A,7
2004,LT,B,1
2004,LT,F,4
2004,LT,G,2
2004,LT,H,5
2004,LU,A,3
2004,LU,C,6
2004,LU,H,10
2004,LV,A,1
2004,LV,C,4
2004,LV,F,6
2004,LV,G,8
2004,LV,H,5
2004,NL,A,100
2004,NL,B,193
2004,NL,C,116
2004,NL,D,20
2004,NL,E,41
2004,NL,F,66
2004,NL,G,325
2004,NL,H,454
2004,NO,A,51
2004,NO,B,64
2004,NO,C,69
2004,NO,D,6
2004,NO,E,31
2004,NO,F,37
2004,NO,G,191
2004,NO,H,276
2004,PL,A,111
2004,PL,B,64
2004,PL,C,102
2004,PL,D,58
2004,PL,E,17
2004,PL,F,32
2004,PL,G,79
2004,PL,H,61
2004,PT,A,9
2004,PT,B,8
2004,PT,C,2
2004,PT,D,1
2004,PT,E,2
2004,PT,F,7
2004,PT,G,12
2004,PT,H,6
2004,RO,A,9
2004,RO,B,5
2004,RO,C,7
2004,RO,D,5
2004,RO,E,15
2004,RO,F,4
2004,RO,H,5
2004,RU,A,200
2004,RU,B,60
2004,RU,C,115
2004,RU,D,8
2004,RU,F,14
2004,RU,G,366
2004,RU,H,646
2004,SE,A,645
2004,SE,B,365
2004,SE,C,366
2004,SE,D,35
2004,SE,E,47
2004,SE,F,209
2004,SE,G,630
2004,SE,H,1120
2004,SI,A,53
2004,SI,B,44
2004,SI,C,27
2004,SI,D,2
2004,SI,E,3
2004,SI,F,16
2004,SI,G,45
2004,SI,H,40
2004,SK,A,1
2004,SK,C,8
2004,SK,D,4
2004,SK,E,2
2004,SK,F,1
2004,SK,G,12
2004,SK,H,18
2005,AT,A,124
2005,AT,B,189
2005,AT,C,337
2005,AT,D,28
2005,AT,E,32
2005,AT,F,78
2005,AT,G,69
2005,AT,H,41
2005,BE,A,20
2005,BE,B,23
2005,BE,C,55
2005,BE,E,7
2005,BE,F,5
2005,BE,G,8
2005,BE,H,3
2005,BG,A,13
2005,BG,B,11
2005,BG,C,8
2005,BG,F,6
2005,BG,G,1
2005,CH,A,50
2005,CH,B,43
2005,CH,C,128
2005,CH,D,9
2005,CH,E,17
2005,CH,F,24
2005,CH,G,33
2005,CH,H,31
2005,CZ,A,24
2005,CZ,B,54
2005,CZ,C,15
2005,CZ,D,13
2005,CZ,E,5
2005,CZ,F,50
2005,CZ,G,10
2005,CZ,H,41
2005,DE,A,33649
2005,DE,B,9964
2005,DE,C,24838
2005,DE,D,1816
2005,DE,E,1218
2005,DE,F,3927
2005,DE,G,4347
2005,DE,H,5850
2005,DK,A,21
2005,DK,B,55
2005,DK,C,17
2005,DK,D,14
2005,DK,E,7
2005,DK,F,18
2005,DK,G,50
2005,DK,H,38
2005,EE,A,13
2005,EE,B,8
2005,EE,D,1
2005,EE,F,4
2005,EE,H,1
2005,ES,A,272
2005,ES,B,382
2005,ES,C,613
2005,ES,D,65
2005,ES,E,28
2005,ES,F,140
2005,ES,G,105
2005,ES,H,149
2005,FI,A,704
2005,FI,B,796
2005,FI,C,1003
2005,FI,D,117
2005,FI,E,111
2005,FI,F,341
2005,FI,G,237
2005,FI,H,191
2005,FR,A,6501
2005,FR,B,2497
2005,FR,C,7018
2005,FR,D,444
2005,FR,E,251
2005,FR,F,690
2005,FR,G,968
2005,FR,H,1525
2005,GB,A,1001
2005,GB,B,1470
2005,GB,C,3815
2005,GB,D,511
2005,GB,E,177
2005,GB,F,558
2005,GB,G,564
2005,GB,H,578
2005,GR,A,14
2005,GR,B,32
2005,GR,C,43
2005,GR,D,3
2005,GR,F,6
2005,GR,G,6
2005,GR,H,18
2005,HR,A,5
2005,HR,B,13
2005,HR,C,12
2005,HR,F,2
2005,HR,G,3
2005,HR,H,22
2005,HU,A,56
2005,HU,B,67
2005,HU,C,164
2005,HU,D,7
2005,HU,E,5
2005,HU,F,22
2005,HU,G,37
2005,HU,H,36
2005,IE,A,12
2005,IE,B,28
2005,IE,C,72
2005,IE,D,14
2005,IE,E,5
2005,IE,F,18
2005,IE,G,25
2005,IE,H,14
2005,IS,B,2
2005,IS,C,1
2005,IS,F,2
2005,IS,G,2
2005,IS,H,1
2005,IT,A,537
2005,IT,B,1201
2005,IT,C,1348
2005,IT,D,180
2005,IT,E,277
2005,IT,F,744
2005,IT,G,726
2005,IT,H,614
2005,LT,A,37
2005,LT,B,3
2005,LT,C,1
2005,LT,G,3
2005,LT,H,1
2005,LU,A,8
2005,LU,C,22
2005,LU,H,2
2005,LV,A,4
2005,LV,B,3
2005,LV,C,7
2005,LV,G,14
2005,LV,H,11
2005,NL,A,201
2005,NL,B,106
2005,NL,C,146
2005,NL,D,17
2005,NL,E,23
2005,NL,F,54
2005,NL,G,281
2005,NL,H,531
2005,NO,A,79
2005,NO,B,81
2005,NO,C,63
2005,NO,D,7
2005,NO,E,1
2005,NO,F,38
2005,NO,G,189
2005,NO,H,303
2005,PL,A,64
2005,PL,B,80
2005,PL,C,67
2005,PL,D,22
2005,PL,E,26
2005,PL,F,34
2005,PL,G,66
2005,PL,H,26
2005,PT,A,29
2005,PT,B,26
2005,PT,C,10
2005,PT,D,1
2005,PT,E,2
2005,PT,F,16
2005,PT,G,14
2005,PT,H,15
2005,RO,A,4
2005,RO,C,7
2005,RO,D,4
2005,RO,F,1
2005,RO,G,3
2005,RO,H,12
2005,RU,A,523
2005,RU,B,215
2005,RU,C,271
2005,RU,D,19
2005,RU,E,21
2005,RU,F,90
2005,RU,G,103
2005,RU,H,166
2005,SE,A,315
2005,SE,B,210
2005,SE,C,144
2005,SE,D,17
2005,SE,E,20
2005,SE,F,87
2005,SE,G,284
2005,SE,H,810
2005,SI,A,64
2005,SI,B,14
2005,SI,C,17
2005,SI,E,10
2005,SI,F,6
2005,SI,G,11
2005,SI,H,2
2005,SK,A,3
2005,SK,C,5
2005,SK,E,10
2005,SK,G,2
2005,SK,H,14
2006,AT,A,121
2006,AT,B,204
2006,AT,C,380
2006,AT,D,37
2006,AT,E,19
2006,AT,F,74
2006,AT,G,63
2006,AT,H,58
2006,BE,A,3
2006,BE,B,23
2006,BE,C,34
2006,BE,D,2
2006,BE,E,2
2006,BE,F,4
2006,BE,G,2
2006,BE,H,13
2006,BG,B,4
2006,BG,C,30
2006,BG,G,5
2006,CH,A,62
2006,CH,B,74
2006,CH,C,104
2006,CH,D,9
2006,CH,E,9
2006,CH,F,13
2006,CH,G,39
2006,CH,H,23
2006,CZ,A,22
2006,CZ,B,64
2006,CZ,C,43
2006,CZ,D,15
2006,CZ,E,11
2006,CZ,F,41
2006,CZ,G,20
2006,CZ,H,64
2006,DE,A,48116
2006,DE,B,17006
2006,DE,C,31915
2006,DE,D,2262
2006,DE,E,2379
2006,DE,F,8567
2006,DE,G,7704
2006,DE,H,9998
2006,DK,A,26
2006,DK,B,26
2006,DK,C,17
2006,DK,D,5
2006,DK,E,1
2006,DK,F,13
2006,DK,G,55
2006,DK,H,7
2006,EE,A,19
2006,EE,B,15
2006,EE,C,16
2006,EE,D,1
2006,EE,E,2
2006,EE,F,10
2006,EE,G,4
2006,EE,H,6
2006,ES,A,313
2006,ES,B,318
2006,ES,C,607
2006,ES,D,57
2006,ES,E,45
2006,ES,F,142
2006,ES,G,96
2006,ES,H,155
2006,FI,A,561
2006,FI,B,711
2006,FI,C,1034
2006,FI,D,128
2006,FI,E,85
2006,FI,F,363
2006,FI,G,261
2006,FI,H,231
2006,FR,A,5510
2006,FR,B,3471
2006,FR,C,5881
2006,FR,D,514
2006,FR,E,503
2006,FR,F,1568
2006,FR,G,1354
2006,FR,H,1873
2006,GB,A,1302
2006,GB,B,1659
2006,GB,C,2744
2006,GB,D,399
2006,GB,E,309
2006,GB,F,556
2006,GB,G,524
2006,GB,H,660
2006,GR,A,14
2006,GR,B,2
2006,GR,C,64
2006,GR,D,3
2006,GR,E,8
2006,GR,F,8
2006,GR,G,9
2006,GR,H,10
2006,HR,A,11
2006,HR,B,1
2006,HR,C,10
2006,HR,D,1
2006,HR,F,1
2006,HR,G,14
2006,HR,H,6
2006,HU,A,32
2006,HU,B,28
2006,HU,C,80
2006,HU,D,3
2006,HU,E,6
2006,HU,F,6
2006,HU,G,26
2006,HU,H,10
2006,IE,A,20
2006,IE,B,53
2006,IE,C,65
2006,IE,D,7
2006,IE,E,5
2006,IE,F,7
2006,IE,G,66
2006,IE,H,14
2006,IS,A,5
2006,IS,B,7
2006,IS,C,1
2006,IS,D,1
2006,IS,F,2
2006,IS,G,5
2006,IT,A,693
2006,IT,B,983
2006,IT,C,1881
2006,IT,D,110
2006,IT,E,148
2006,IT,F,488
2006,IT,G,753
2006,IT,H,812
2006,LT,A,11
2006,LT,B,11
2006,LT,F,2
2006,LT,G,3
2006,LU,B,1
2006,LU,C,2
2006,LU,D,4
2006,LU,F,3
2006,LU,G,4
2006,LU,H,4
2006,LV,A,10
2006,LV,B,4
2006,LV,C,4
2006,LV,E,3
2006,LV,F,5
2006,LV,G,6
2006,LV,H,6
2006,NL,A,263
2006,NL,B,116
2006,NL,C,173
2006,NL,D,21
2006,NL,E,33
2006,NL,F,74
2006,NL,G,269
2006,NL,H,343
2006,NO,A,12
2006,NO,B,44
2006,NO,C,61
2006,NO,D,9
2006,NO,E,2
2006,NO,F,34
2006,NO,G,126
2006,NO,H,263
2006,PL,A,84
2006,PL,B,113
2006,PL,C,31
2006,PL,D,6
2006,PL,E,24
2006,PL,F,37
2006,PL,G,61
2006,PL,H,48
2006,PT,A,18
2006,PT,B,25
2006,PT,C,46
2006,PT,D,1
2006,PT,E,1
2006,PT,F,15
2006,PT,G,4
2006,PT,H,14
2006,RO,A,2
2006,RO,B,10
2006,RO,C,13
2006,RO,E,1
2006,RO,F,3
2006,RO,G,6
2006,RO,H,1
2006,RU,A,308
2006,RU,B,180
2006,RU,C,207
2006,RU,D,30
2006,RU,E,16
2006,RU,F,63
2006,RU,G,192
2006,RU,H,557
2006,SE,A,301
2006,SE,B,182
2006,SE,C,213
2006,SE,D,18
2006,SE,E,41
2006,SE,F,86
2006,SE,G,267
2006,SE,H,680
2006,SI,A,52
2006,SI,B,11
2006,SI,C,42
2006,SI,D,1
2006,SI,E,7
2006,SI,F,14
2006,SI,G,5
2006,SI,H,17
2006,SK,A,12
2006,SK,B,5
2006,SK,C,2
2006,SK,E,4
2006,SK,F,1
2006,SK,G,7
2006,SK,H,19
2007,AT,A,92
2007,AT,B,120
2007,AT,C,278
2007,AT,D,33
2007,AT,E,12
2007,AT,F,118
2007,AT,G,68
2007,AT,H,77
2007,BE,A,1
2007,BE,B,16
2007,BE,C,28
2007,BE,F,15
2007,BE,G,5
2007,BE,H,14
2007,BG,A,3
2007,BG,B,6
2007,BG,C,6
2007,BG,E,1
2007,BG,F,5
2007,BG,G,1
2007,BG,H,2
2007,CH,A,73
2007,CH,B,87
2007,CH,C,106
2007,CH,D,8
2007,CH,E,19
2007,CH,F,27
2007,CH,G,36
2007,CH,H,21
2007,CZ,A,46
2007,CZ,B,77
2007,CZ,C,120
2007,CZ,D,13
2007,CZ,E,16
2007,CZ,F,74
2007,CZ,G,63
2007,CZ,H,42
2007,DE,A,30986
2007,DE,B,22958
2007,DE,C,36264
2007,DE,D,3381
2007,DE,E,3361
2007,DE,F,11457
2007,DE,G,13263
2007,DE,H,13188
2007,DK,A,31
2007,DK,B,52
2007,DK,C,43
2007,DK,D,6
2007,DK,E,6
2007,DK,F,24
2007,DK,G,16
2007,DK,H,10
2007,EE,A,8
2007,EE,B,27
2007,EE,C,6
2007,EE,D,7
2007,EE,E,4
2007,EE,F,15
2007,EE,G,12
2007,EE,H,8
2007,ES,A,278
2007,ES,B,417
2007,ES,C,507
2007,ES,D,49
2007,ES,E,47
2007,ES,F,206
2007,ES,G,218
2007,ES,H,210
2007,FI,A,532
2007,FI,B,795
2007,FI,C,1101
2007,FI,D,112
2007,FI,E,67
2007,FI,F,387
2007,FI,G,272
2007,FI,H,197
2007,FR,A,6275
2007,FR,B,3717
2007,FR,C,6542
2007,FR,D,569
2007,FR,E,470
2007,FR,F,1514
2007,FR,G,1377
2007,FR,H,2042
2007,GB,A,2784
2007,GB,B,2505
2007,GB,C,176
2007,GB,D,152
2007,GB,E,810
2007,GB,F,830
2007,GB,G,678
2007,GB,H,473
2007,GR,A,44
2007,GR,B,19
2007,GR,C,35
2007,GR,D,3
2007,GR,E,3
2007,GR,F,11
2007,GR,G,9
2007,GR,H,8
2007,HR,A,9
2007,HR,B,7
2007,HR,C,6
2007,HR,D,3
2007,HR,G,1
2007,HR,H,19
2007,HU,A,24
2007,HU,B,68
2007,HU,C,57
2007,HU,D,5
2007,HU,E,25
2007,HU,F,9
2007,HU,G,31
2007,HU,H,31
2007,IE,A,18
2007,IE,B,35
2007,IE,C,24
2007,IE,E,10
2007,IE,F,16
2007,IE,G,20
2007,IE,H,4
2007,IS,A,1
2007,IS,B,4
2007,IS,C,1
2007,IS,D,1
2007,IS,G,4
2007,IS,H,1
2007,IT,A,634
2007,IT,B,963
2007,IT,C,1279
2007,IT,D,109
2007,IT,E,153
2007,IT,F,485
2007,IT,G,1121
2007,IT,H,1018
2007,LT,A,3
2007,LT,B,5
2007,LT,C,2
2007,LT,F,4
2007,LT,G,4
2007,LT,H,14
2007,LU,B,6
2007,LU,H,13
2007,LV,A,9
2007,LV,B,5
2007,LV,C,3
2007,LV,D,1
2007,LV,E,2
2007,LV,F,6
2007,LV,G,9
2007,LV,H,7
2007,NL,A,446
2007,NL,B,124
2007,NL,C,209
2007,NL,D,55
2007,NL,E,24
2007,NL,F,73
2007,NL,G,172
2007,NL,H,158
2007,NO,A,53
2007,NO,B,137
2007,NO,C,86
2007,NO,D,25
2007,NO,E,38
2007,NO,F,72
2007,NO,G,86
2007,NO,H,55
2007,PL,A,112
2007,PL,B,174
2007,PL,C,21
2007,PL,D,10
2007,PL,E,59
2007,PL,F,83
2007,PL,G,70
2007,PL,H,88
2007,PT,A,34
2007,PT,B,25
2007,PT,C,22
2007,PT,D,18
2007,PT,E,13
2007,PT,F,17
2007,PT,G,11
2007,PT,H,12
2007,RO,B,6
2007,RO,D,1
2007,RO,E,1
2007,RO,G,2
2007,RO,H,2
2007,RU,A,211
2007,RU,B,352
2007,RU,C,372
2007,RU,D,34
2007,RU,E,29
2007,RU,F,145
2007,RU,G,228
2007,RU,H,273
2007,SE,A,246
2007,SE,B,314
2007,SE,C,333
2007,SE,D,38
2007,SE,E,23
2007,SE,F,223
2007,SE,G,197
2007,SE,H,283
2007,SI,A,19
2007,SI,B,33
2007,SI,C,95
2007,SI,D,5
2007,SI,E,5
2007,SI,F,26
2007,SI,G,18
2007,SI,H,21
2007,SK,A,5
2007,SK,B,8
2007,SK,C,8
2007,SK,F,11
2007,SK,G,17
2007,SK,H,13
2008,AT,A,98
2008,AT,B,231
2008,AT,C,255
2008,AT,D,16
2008,AT,E,25
2008,AT,F,123
2008,AT,G,163
2008,AT,H,145
2008,BE,A,13
2008,BE,B,28
2008,BE,C,30
2008,BE,D,6
2008,BE,E,2
2008,BE,F,15
2008,BE,G,7
2008,BE,H,7
2008,BG,A,2
2008,BG,B,4
2008,BG,C,7
2008,BG,E,3
2008,BG,F,3
2008,BG,G,3
2008,BG,H,7
2008,CH,A,115
2008,CH,B,147
2008,CH,C,187
2008,CH,D,22
2008,CH,E,40
2008,CH,F,95
2008,CH,G,102
2008,CH,H,85
2008,CZ,A,47
2008,CZ,B,63
2008,CZ,C,97
2008,CZ,D,12
2008,CZ,E,16
2008,CZ,F,28
2008,CZ,G,68
2008,CZ,H,62
2008,DE,A,17329
2008,DE,B,30606
2008,DE,C,31702
2008,DE,D,3582
2008,DE,E,4718
2008,DE,F,15062
2008,DE,G,17736
2008,DE,H,15543
2008,DK,A,19
2008,DK,B,46
2008,DK,C,43
2008,DK,D,4
2008,DK,F,31
2008,DK,G,37
2008,DK,H,27
2008,EE,A,12
2008,EE,B,23
2008,EE,C,10
2008,EE,D,11
2008,EE,E,4
2008,EE,F,16
2008,EE,G,7
2008,EE,H,7
2008,ES,A,321
2008,ES,B,553
2008,ES,C,516
2008,ES,D,61
2008,ES,E,95
2008,ES,F,303
2008,ES,G,274
2008,ES,H,345
2008,FI,A,538
2008,FI,B,731
2008,FI,C,1130
2008,FI,D,113
2008,FI,E,76
2008,FI,F,270
2008,FI,G,271
2008,FI,H,338
2008,FR,A,5358
2008,FR,B,4253
2008,FR,C,7023
2008,FR,D,619
2008,FR,E,754
2008,FR,F,2220
2008,FR,G,2845
2008,FR,H,2520
2008,GB,A,2428
2008,GB,B,1111
2008,GB,C,1887
2008,GB,D,115
2008,GB,E,167
2008,GB,F,666
2008,GB,G,726
2008,GB,H,949
2008,GR,A,15
2008,GR,B,29
2008,GR,C,31
2008,GR,F,15
2008,GR,G,19
2008,GR,H,14
2008,HR,A,4
2008,HR,B,13
2008,HR,C,14
2008,HR,D,3
2008,HR,E,2
2008,HR,F,3
2008,HR,G,9
2008,HR,H,2
2008,HU,A,22
2008,HU,B,30
2008,HU,C,60
2008,HU,D,13
2008,HU,E,13
2008,HU,F,14
2008,HU,G,29
2008,HU,H,10
2008,IE,A,11
2008,IE,B,25
2008,IE,C,32
2008,IE,D,4
2008,IE,E,4
2008,IE,F,11
2008,IE,G,9
2008,IE,H,7
2008,IT,A,812
2008,IT,B,1242
2008,IT,C,1869
2008,IT,D,173
2008,IT,E,157
2008,IT,F,579
2008,IT,G,859
2008,IT,H,684
2008,LT,A,12
2008,LT,B,8
2008,LT,C,8
2008,LT,E,3
2008,LT,F,2
2008,LT,G,4
2008,LT,H,8
2008,LU,A,11
2008,LU,B,11
2008,LU,C,10
2008,LU,D,2
2008,LU,E,2
2008,LU,F,3
2008,LU,G,16
2008,LU,H,10
2008,LV,A,9
2008,LV,B,7
2008,LV,C,12
2008,LV,E,4
2008,LV,F,9
2008,LV,G,12
2008,LV,H,10
2008,NL,A,219
2008,NL,B,277
2008,NL,C,300
2008,NL,D,52
2008,NL,E,58
2008,NL,F,133
2008,NL,G,153
2008,NL,H,147
2008,NO,A,74
2008,NO,B,130
2008,NO,C,103
2008,NO,D,26
2008,NO,E,26
2008,NO,F,62
2008,NO,G,51
2008,NO,H,58
2008,PL,A,118
2008,PL,B,156
2008,PL,C,28
2008,PL,D,23
2008,PL,E,87
2008,PL,F,69
2008,PL,G,86
2008,PL,H,86
2008,PT,A,24
2008,PT,B,59
2008,PT,C,29
2008,PT,D,14
2008,PT,E,8
2008,PT,F,22
2008,PT,G,22
2008,PT,H,25
2008,RO,A,14
2008,RO,B,5
2008,RO,C,3
2008,RO,D,2
2008,RO,E,3
2008,RO,F,2
2008,RO,H,6
2008,RU,A,194
2008,RU,B,284
2008,RU,C,191
2008,RU,D,27
2008,RU,E,66
2008,RU,F,198
2008,RU,G,157
2008,RU,H,163
2008,SE,A,161
2008,SE,B,365
2008,SE,C,279
2008,SE,D,26
2008,SE,E,47
2008,SE,F,219
2008,SE,G,187
2008,SE,H,211
2008,SI,A,22
2008,SI,B,49
2008,SI,C,66
2008,SI,D,5
2008,SI,E,14
2008,SI,F,13
2008,SI,G,17
2008,SI,H,14
2008,SK,A,12
2008,SK,B,8
2008,SK,C,9
2008,SK,F,1
2008,SK,G,3
2008,SK,H,8
2009,AT,A,155
2009,AT,B,249
2009,AT,C,115
2009,AT,D,31
2009,AT,E,82
2009,AT,F,175
2009,AT,G,132
2009,AT,H,134
2009,BE,A,35
2009,BE,B,75
2009,BE,C,56
2009,BE,D,3
2009,BE,E,8
2009,BE,F,33
2009,BE,G,41
2009,BE,H,34
2009,BG,A,8
2009,BG,B,3
2009,BG,C,2
2009,BG,E,1
2009,BG,F,3
2009,BG,G,4
2009,BG,H,2
2009,CH,A,161
2009,CH,B,291
2009,CH,C,187
2009,CH,D,37
2009,CH,E,82
2009,CH,F,166
2009,CH,G,132
2009,CH,H,143
2009,CZ,A,36
2009,CZ,B,116
2009,CZ,C,50
2009,CZ,D,4
2009,CZ,E,23
2009,CZ,F,66
2009,CZ,G,39
2009,CZ,H,37
2009,DE,A,16910
2009,DE,B,34529
2009,DE,C,18017
2009,DE,D,4551
2009,DE,E,7662
2009,DE,F,18798
2009,DE,G,13842
2009,DE,H,16417
2009,DK,A,18
2009,DK,B,45
2009,DK,C,36
2009,DK,D,14
2009,DK,E,6
2009,DK,F,27
2009,DK,G,36
2009,DK,H,25
2009,EE,A,18
2009,EE,B,27
2009,EE,C,18
2009,EE,D,6
2009,EE,E,6
2009,EE,F,16
2009,EE,G,16
2009,EE,H,22
2009,ES,A,315
2009,ES,B,642
2009,ES,C,385
2009,ES,D,82
2009,ES,E,137
2009,ES,F,394
2009,ES,G,265
2009,ES,H,352
2009,FI,A,525
2009,FI,B,763
2009,FI,C,615
2009,FI,D,63
2009,FI,E,98
2009,FI,F,416
2009,FI,G,375
2009,FI,H,394
2009,FR,A,3145
2009,FR,B,5363
2009,FR,C,6160
2009,FR,D,565
2009,FR,E,867
2009,FR,F,3003
2009,FR,G,3140
2009,FR,H,2658
2009,GB,A,971
2009,GB,B,1601
2009,GB,C,1749
2009,GB,D,208
2009,GB,E,260
2009,GB,F,857
2009,GB,G,1149
2009,GB,H,898
2009,GR,A,11
2009,GR,B,16
2009,GR,C,21
2009,GR,E,5
2009,GR,F,13
2009,GR,G,15
2009,GR,H,7
2009,HR,A,8
2009,HR,B,7
2009,HR,C,2
2009,HR,D,1
2009,HR,E,4
2009,HR,F,11
2009,HR,G,3
2009,HR,H,6
2009,HU,A,28
2009,HU,B,64
2009,HU,C,55
2009,HU,D,12
2009,HU,E,31
2009,HU,F,43
2009,HU,G,24
2009,HU,H,49
2009,IE,A,13
2009,IE,B,23
2009,IE,C,7
2009,IE,D,2
2009,IE,E,4
2009,IE,F,5
2009,IE,G,9
2009,IE,H,9
2009,IS,C,1
2009,IS,E,1
2009,IS,F,1
2009,IS,G,2
2009,IT,A,909
2009,IT,B,1846
2009,IT,C,1989
2009,IT,D,208
2009,IT,E,283
2009,IT,F,916
2009,IT,G,1191
2009,IT,H,948
2009,LT,A,4
2009,LT,B,7
2009,LT,C,8
2009,LT,E,2
2009,LT,F,1
2009,LT,G,2
2009,LT,H,1
2009,LU,A,10
2009,LU,B,26
2009,LU,C,12
2009,LU,E,8
2009,LU,F,16
2009,LU,G,12
2009,LU,H,5
2009,LV,A,4
2009,LV,B,29
2009,LV,C,9
2009,LV,E,6
2009,LV,F,11
2009,LV,G,17
2009,LV,H,18
2009,NL,A,163
2009,NL,B,323
2009,NL,C,292
2009,NL,D,43
2009,NL,E,38
2009,NL,F,170
2009,NL,G,249
2009,NL,H,231
2009,NO,A,92
2009,NO,B,172
2009,NO,C,96
2009,NO,D,18
2009,NO,E,26
2009,NO,F,79
2009,NO,G,67
2009,NO,H,91
2009,PL,A,131
2009,PL,B,224
2009,PL,C,65
2009,PL,D,27
2009,PL,E,65
2009,PL,F,123
2009,PL,G,59
2009,PL,H,69
2009,PT,A,39
2009,PT,B,54
2009,PT,C,20
2009,PT,D,4
2009,PT,E,4
2009,PT,F,33
2009,PT,G,12
2009,PT,H,31
2009,RO,A,6
2009,RO,B,23
2009,RO,C,2
2009,RO,D,3
2009,RO,F,6
2009,RO,G,11
2009,RO,H,10
2009,RU,A,184
2009,RU,B,331
2009,RU,C,138
2009,RU,D,45
2009,RU,E,53
2009,RU,F,200
2009,RU,G,168
2009,RU,H,234
2009,SE,A,143
2009,SE,B,340
2009,SE,C,256
2009,SE,D,57
2009,SE,E,92
2009,SE,F,241
2009,SE,G,189
2009,SE,H,277
2009,SI,A,17
2009,SI,B,34
2009,SI,C,28
2009,SI,D,7
2009,SI,E,5
2009,SI,F,20
2009,SI,G,30
2009,SI,H,16
2009,SK,A,6
2009,SK,B,15
2009,SK,C,5
2009,SK,D,2
2009,SK,E,6
2009,SK,F,6
2009,SK,G,4
2009,SK,H,4
2010,AT,A,126
2010,AT,B,211
2010,AT,C,89
2010,AT,D,33
2010,AT,E,61
2010,AT,F,164
2010,AT,G,101
2010,AT,H,127
2010,BE,A,36
2010,BE,B,81
2010,BE,C,48
2010,BE,D,11
2010,BE,E,21
2010,BE,F,37
2010,BE,G,29
2010,BE,H,21
2010,BG,A,7
2010,BG,C,5
2010,BG,E,1
2010,BG,F,8
2010,BG,G,2
2010,CH,A,147
2010,CH,B,241
2010,CH,C,155
2010,CH,D,22
2010,CH,E,50
2010,CH,F,135
2010,CH,G,126
2010,CH,H,173
2010,CZ,A,26
2010,CZ,B,93
2010,CZ,C,43
2010,CZ,D,9
2010,CZ,E,5
2010,CZ,F,76
2010,CZ,G,58
2010,CZ,H,44
2010,DE,A,12495
2010,DE,B,28635
2010,DE,C,15947
2010,DE,D,3671
2010,DE,E,4581
2010,DE,F,17728
2010,DE,G,15068
2010,DE,H,21536
2010,DK,A,40
2010,DK,B,70
2010,DK,C,25
2010,DK,D,6
2010,DK,E,16
2010,DK,F,35
2010,DK,G,15
2010,DK,H,44
2010,EE,A,14
2010,EE,B,12
2010,EE,C,16
2010,EE,D,1
2010,EE,E,5
2010,EE,F,11
2010,EE,G,30
2010,EE,H,32
2010,ES,A,314
2010,ES,B,557
2010,ES,C,292
2010,ES,D,43
2010,ES,E,99
2010,ES,F,347
2010,ES,G,255
2010,ES,H,323
2010,FI,A,363
2010,FI,B,742
2010,FI,C,371
2010,FI,D,87
2010,FI,E,131
2010,FI,F,456
2010,FI,G,345
2010,FI,H,498
2010,FR,A,3313
2010,FR,B,6747
2010,FR,C,3814
2010,FR,D,811
2010,FR,E,1605
2010,FR,F,3877
2010,FR,G,2928
2010,FR,H,3659
2010,GB,A,1056
2010,GB,B,1999
2010,GB,C,1006
2010,GB,D,217
2010,GB,E,506
2010,GB,F,978
2010,GB,G,856
2010,GB,H,997
2010,GR,A,12
2010,GR,B,27
2010,GR,C,13
2010,GR,D,1
2010,GR,E,3
2010,GR,F,19
2010,GR,G,5
2010,GR,H,7
2010,HR,A,9
2010,HR,B,14
2010,HR,C,6
2010,HR,F,2
2010,HR,G,4
2010,HR,H,7
2010,HU,A,37
2010,HU,B,63
2010,HU,C,23
2010,HU,D,7
2010,HU,E,18
2010,HU,F,27
2010,HU,G,35
2010,HU,H,28
2010,IE,A,11
2010,IE,B,24
2010,IE,C,3
2010,IE,E,4
2010,IE,F,20
2010,IE,G,11
2010,IE,H,16
2010,IS,A,1
2010,IS,B,2
2010,IS,C,1
2010,IS,G,1
2010,IS,H,1
2010,IT,A,1075
2010,IT,B,2022
2010,IT,C,1214
2010,IT,D,284
2010,IT,E,522
2010,IT,F,1197
2010,IT,G,940
2010,IT,H,1010
2010,LT,A,3
2010,LT,B,8
2010,LT,C,9
2010,LT,E,2
2010,LT,F,9
2010,LT,G,4
2010,LT,H,7
2010,LU,A,12
2010,LU,B,32
2010,LU,C,8
2010,LU,D,1
2010,LU,E,4
2010,LU,F,17
2010,LU,G,7
2010,LU,H,14
2010,LV,A,3
2010,LV,B,12
2010,LV,C,14
2010,LV,E,7
2010,LV,F,5
2010,LV,G,16
2010,LV,H,21
2010,NL,A,209
2010,NL,B,414
2010,NL,C,184
2010,NL,D,56
2010,NL,E,86
2010,NL,F,202
2010,NL,G,198
2010,NL,H,219
2010,NO,A,57
2010,NO,B,168
2010,NO,C,93
2010,NO,D,15
2010,NO,E,13
2010,NO,F,63
2010,NO,G,80
2010,NO,H,65
2010,PL,A,73
2010,PL,B,212
2010,PL,C,163
2010,PL,D,24
2010,PL,E,54
2010,PL,F,166
2010,PL,G,133
2010,PL,H,235
2010,PT,A,23
2010,PT,B,36
2010,PT,C,24
2010,PT,D,10
2010,PT,E,7
2010,PT,F,26
2010,PT,G,18
2010,PT,H,26
2010,RO,A,19
2010,RO,B,28
2010,RO,C,22
2010,RO,D,10
2010,RO,E,2
2010,RO,F,30
2010,RO,G,10
2010,RO,H,21
2010,RU,A,204
2010,RU,B,504
2010,RU,C,320
2010,RU,D,55
2010,RU,E,76
2010,RU,F,266
2010,RU,G,285
2010,RU,H,271
2010,SE,A,165
2010,SE,B,333
2010,SE,C,196
2010,SE,D,63
2010,SE,E,44
2010,SE,F,183
2010,SE,G,198
2010,SE,H,293
2010,SI,A,13
2010,SI,B,22
2010,SI,C,28
2010,SI,D,5
2010,SI,E,1
2010,SI,F,18
2010,SI,G,10
2010,SI,H,46
2010,SK,A,17
2010,SK,B,15
2010,SK,C,11
2010,SK,D,1
2010,SK,F,12
2010,SK,G,8
2010,SK,H,22
2011,AT,A,140
2011,AT,B,245
2011,AT,C,106
2011,AT,D,23
2011,AT,E,49
2011,AT,F,85
2011,AT,G,96
2011,AT,H,89
2011,BE,A,27
2011,BE,B,53
2011,BE,C,42
2011,BE,D,13
2011,BE,E,15
2011,BE,F,46
2011,BE,G,40
2011,BE,H,83
2011,BG,A,5
2011,BG,B,4
2011,BG,C,2
2011,BG,E,1
2011,BG,F,10
2011,BG,G,1
2011,BG,H,8
2011,CH,A,219
2011,CH,B,290
2011,CH,C,150
2011,CH,D,33
2011,CH,E,67
2011,CH,F,131
2011,CH,G,127
2011,CH,H,123
2011,CZ,A,52
2011,CZ,B,80
2011,CZ,C,61
2011,CZ,D,11
2011,CZ,E,17
2011,CZ,F,49
2011,CZ,G,29
2011,CZ,H,50
2011,DE,A,12166
2011,DE,B,17500
2011,DE,C,11680
2011,DE,D,1487
2011,DE,E,3910
2011,DE,F,10224
2011,DE,G,7426
2011,DE,H,8435
2011,DK,A,30
2011,DK,B,59
2011,DK,C,44
2011,DK,D,6
2011,DK,E,11
2011,DK,F,36
2011,DK,G,25
2011,DK,H,27
2011,EE,A,11
2011,EE,B,17
2011,EE,C,11
2011,EE,D,6
2011,EE,E,5
2011,EE,F,25
2011,EE,G,6
2011,EE,H,9
2011,ES,A,386
2011,ES,B,505
2011,ES,C,379
2011,ES,D,65
2011,ES,E,98
2011,ES,F,286
2011,ES,G,245
2011,ES,H,271
2011,FI,A,303
2011,FI,B,636
2011,FI,C,506
2011,FI,D,120
2011,FI,E,114
2011,FI,F,367
2011,FI,G,253
2011,FI,H,382
2011,FR,A,2721
2011,FR,B,6464
2011,FR,C,3547
2011,FR,D,910
2011,FR,E,1033
2011,FR,F,3933
2011,FR,G,3415
2011,FR,H,4984
2011,GB,A,884
2011,GB,B,2131
2011,GB,C,1078
2011,GB,D,318
2011,GB,E,397
2011,GB,F,1295
2011,GB,G,1098
2011,GB,H,1410
2011,GR,A,12
2011,GR,B,28
2011,GR,C,14
2011,GR,E,7
2011,GR,F,19
2011,GR,G,13
2011,GR,H,28
2011,HR,A,8
2011,HR,B,5
2011,HR,E,2
2011,HR,F,2
2011,HR,G,5
2011,HR,H,4
2011,HU,A,47
2011,HU,B,50
2011,HU,C,59
2011,HU,D,3
2011,HU,E,10
2011,HU,F,34
2011,HU,G,10
2011,HU,H,8
2011,IE,A,1
2011,IE,B,8
2011,IE,C,4
2011,IE,F,4
2011,IE,G,1
2011,IE,H,3
2011,IS,A,1
2011,IS,B,1
2011,IS,G,1
2011,IS,H,1
2011,IT,A,653
2011,IT,B,1462
2011,IT,C,846
2011,IT,D,262
2011,IT,E,278
2011,IT,F,952
2011,IT,G,816
2011,IT,H,1189
2011,LT,A,14
2011,LT,B,10
2011,LT,E,4
2011,LT,F,1
2011,LT,G,1
2011,LT,H,2
2011,LU,A,12
2011,LU,B,23
2011,LU,C,21
2011,LU,D,12
2011,LU,E,3
2011,LU,F,26
2011,LU,G,13
2011,LU,H,30
2011,LV,A,1
2011,LV,B,8
2011,LV,C,12
2011,LV,G,23
2011,LV,H,10
2011,NL,A,198
2011,NL,B,450
2011,NL,C,249
2011,NL,D,61
2011,NL,E,75
2011,NL,F,313
2011,NL,G,176
2011,NL,H,256
2011,NO,A,67
2011,NO,B,94
2011,NO,C,74
2011,NO,D,37
2011,NO,E,27
2011,NO,F,65
2011,NO,G,69
2011,NO,H,65
2011,PL,A,215
2011,PL,B,338
2011,PL,C,226
2011,PL,D,16
2011,PL,E,52
2011,PL,F,171
2011,PL,G,185
2011,PL,H,196
2011,PT,A,20
2011,PT,B,38
2011,PT,C,37
2011,PT,D,3
2011,PT,E,6
2011,PT,F,28
2011,PT,G,16
2011,PT,H,37
2011,RO,A,45
2011,RO,B,42
2011,RO,C,40
2011,RO,D,3
2011,RO,E,5
2011,RO,F,19
2011,RO,G,37
2011,RO,H,47
2011,RU,A,295
2011,RU,B,476
2011,RU,C,222
2011,RU,D,44
2011,RU,E,101
2011,RU,F,164
2011,RU,G,206
2011,RU,H,228
2011,SE,A,179
2011,SE,B,219
2011,SE,C,206
2011,SE,D,14
2011,SE,E,41
2011,SE,F,108
2011,SE,G,125
2011,SE,H,103
2011,SI,A,37
2011,SI,B,29
2011,SI,C,17
2011,SI,D,7
2011,SI,E,2
2011,SI,F,23
2011,SI,G,27
2011,SI,H,28
2011,SK,A,9
2011,SK,B,12
2011,SK,C,2
2011,SK,E,2
2011,SK,F,3
2011,SK,G,5
2011,SK,H,11
2012,AT,A,178
2012,AT,B,175
2012,AT,C,228
2012,AT,D,20
2012,AT,E,20
2012,AT,F,85
2012,AT,G,139
2012,AT,H,134
2012,BE,A,30
2012,BE,B,80
2012,BE,C,51
2012,BE,D,3
2012,BE,E,16
2012,BE,F,40
2012,BE,G,38
2012,BE,H,37
2012,BG,A,10
2012,BG,B,8
2012,BG,C,2
2012,BG,E,2
2012,BG,F,5
2012,BG,G,9
2012,BG,H,14
2012,CH,A,213
2012,CH,B,157
2012,CH,C,119
2012,CH,D,10
2012,CH,E,14
2012,CH,F,63
2012,CH,G,127
2012,CH,H,117
2012,CZ,A,65
2012,CZ,B,100
2012,CZ,C,97
2012,CZ,D,16
2012,CZ,E,11
2012,CZ,F,23
2012,CZ,G,67
2012,CZ,H,109
2012,DE,A,14426
2012,DE,B,11534
2012,DE,C,16949
2012,DE,D,1345
2012,DE,E,1374
2012,DE,F,5076
2012,DE,G,10322
2012,DE,H,11084
2012,DK,A,66
2012,DK,B,43
2012,DK,C,54
2012,DK,D,7
2012,DK,E,5
2012,DK,F,12
2012,DK,G,37
2012,DK,H,29
2012,EE,A,1
2012,EE,B,2
2012,EE,C,2
2012,EE,G,6
2012,ES,A,381
2012,ES,B,347
2012,ES,C,409
2012,ES,D,44
2012,ES,E,49
2012,ES,F,188
2012,ES,G,264
2012,ES,H,281
2012,FI,A,382
2012,FI,B,346
2012,FI,C,453
2012,FI,D,43
2012,FI,E,34
2012,FI,F,107
2012,FI,G,262
2012,FI,H,290
2012,FR,A,4059
2012,FR,B,7155
2012,FR,C,3819
2012,FR,D,590
2012,FR,E,1570
2012,FR,F,3678
2012,FR,G,3075
2012,FR,H,3635
2012,GB,A,1421
2012,GB,B,2400
2012,GB,C,1151
2012,GB,D,220
2012,GB,E,620
2012,GB,F,1567
2012,GB,G,1136
2012,GB,H,1421
2012,GR,A,21
2012,GR,B,15
2012,GR,C,18
2012,GR,D,7
2012,GR,G,21
2012,GR,H,10
2012,HR,A,17
2012,HR,B,12
2012,HR,C,19
2012,HR,D,3
2012,HR,E,1
2012,HR,F,8
2012,HR,G,2
2012,HR,H,12
2012,HU,A,61
2012,HU,B,37
2012,HU,C,108
2012,HU,D,1
2012,HU,E,4
2012,HU,F,12
2012,HU,G,42
2012,HU,H,24
2012,IE,A,3
2012,IE,B,2
2012,IE,C,5
2012,IE,E,1
2012,IE,H,1
2012,IT,A,814
2012,IT,B,1505
2012,IT,C,977
2012,IT,D,129
2012,IT,E,396
2012,IT,F,801
2012,IT,G,735
2012,IT,H,907
2012,LT,A,21
2012,LT,B,7
2012,LT,C,23
2012,LT,D,3
2012,LT,E,1
2012,LT,F,2
2012,LT,G,11
2012,LT,H,6
2012,LU,A,21
2012,LU,B,33
2012,LU,C,17
2012,LU,E,3
2012,LU,F,11
2012,LU,G,13
2012,LU,H,22
2012,LV,A,5
2012,LV,C,2
2012,LV,G,15
2012,LV,H,4
2012,NL,A,280
2012,NL,B,409
2012,NL,C,219
2012,NL,D,42
2012,NL,E,88
2012,NL,F,282
2012,NL,G,165
2012,NL,H,204
2012,NO,A,97
2012,NO,B,62
2012,NO,C,137
2012,NO,D,17
2012,NO,E,15
2012,NO,F,25
2012,NO,G,106
2012,NO,H,63
2012,PL,A,453
2012,PL,B,333
2012,PL,C,588
2012,PL,D,37
2012,PL,E,35
2012,PL,F,102
2012,PL,G,360
2012,PL,H,336
2012,PT,A,41
2012,PT,B,24
2012,PT,C,52
2012,PT,D,16
2012,PT,E,4
2012,PT,F,17
2012,PT,G,15
2012,PT,H,17
2012,RO,A,28
2012,RO,B,33
2012,RO,C,35
2012,RO,D,2
2012,RO,E,1
2012,RO,F,12
2012,RO,G,33
2012,RO,H,30
2012,RU,A,360
2012,RU,B,250
2012,RU,C,402
2012,RU,D,41
2012,RU,E,22
2012,RU,F,84
2012,RU,G,275
2012,RU,H,319
2012,SE,A,258
2012,SE,B,179
2012,SE,C,384
2012,SE,D,30
2012,SE,E,20
2012,SE,F,70
2012,SE,G,174
2012,SE,H,181
2012,SI,A,50
2012,SI,B,18
2012,SI,C,53
2012,SI,D,1
2012,SI,E,2
2012,SI,F,20
2012,SI,G,10
2012,SI,H,19
2012,SK,A,13
2012,SK,B,2
2012,SK,C,10
2012,SK,F,6
2012,SK,G,1
2012,SK,H,7
2013,AT,A,209
2013,AT,B,184
2013,AT,C,191
2013,AT,D,23
2013,AT,E,17
2013,AT,F,67
2013,AT,G,123
2013,AT,H,119
2013,BE,A,14
2013,BE,B,6
2013,BE,C,9
2013,BE,D,2
2013,BE,E,2
2013,BE,F,10
2013,BE,G,7
2013,BE,H,6
2013,BG,A,3
2013,BG,C,19
2013,BG,E,1
2013,BG,F,4
2013,BG,G,9
2013,BG,H,1
2013,CH,A,135
2013,CH,B,187
2013,CH,C,193
2013,CH,D,16
2013,CH,E,24
2013,CH,F,97
2013,CH,G,137
2013,CH,H,126
2013,CZ,A,66
2013,CZ,B,133
2013,CZ,C,64
2013,CZ,D,12
2013,CZ,E,14
2013,CZ,F,47
2013,CZ,G,79
2013,CZ,H,88
2013,DE,A,14234
2013,DE,B,12860
2013,DE,C,14961
2013,DE,D,1534
2013,DE,E,1578
2013,DE,F,6232
2013,DE,G,10746
2013,DE,H,11416
2013,DK,A,68
2013,DK,B,74
2013,DK,C,102
2013,DK,D,7
2013,DK,E,7
2013,DK,F,28
2013,DK,G,43
2013,DK,H,69
2013,EE,A,3
2013,EE,B,1
2013,EE,C,1
2013,EE,E,1
2013,EE,F,1
2013,EE,G,2
2013,EE,H,1
2013,ES,A,312
2013,ES,B,379
2013,ES,C,374
2013,ES,D,46
2013,ES,E,32
2013,ES,F,165
2013,ES,G,277
2013,ES,H,326
2013,FI,A,347
2013,FI,B,266
2013,FI,C,301
2013,FI,D,14
2013,FI,E,44
2013,FI,F,125
2013,FI,G,214
2013,FI,H,323
2013,FR,A,5586
2013,FR,B,4806
2013,FR,C,7237
2013,FR,D,547
2013,FR,E,512
2013,FR,F,2057
2013,FR,G,4066
2013,FR,H,4070
2013,GB,A,1980
2013,GB,B,1797
2013,GB,C,2625
2013,GB,D,212
2013,GB,E,239
2013,GB,F,745
2013,GB,G,1316
2013,GB,H,1340
2013,GR,A,8
2013,GR,B,20
2013,GR,C,21
2013,GR,D,5
2013,GR,E,3
2013,GR,F,3
2013,GR,G,11
2013,GR,H,25
2013,HR,A,20
2013,HR,B,9
2013,HR,C,27
2013,HR,E,1
2013,HR,F,5
2013,HR,G,9
2013,HR,H,28
2013,HU,A,76
2013,HU,B,81
2013,HU,C,51
2013,HU,E,9
2013,HU,F,23
2013,HU,G,78
2013,HU,H,28
2013,IE,A,1
2013,IE,B,1
2013,IE,C,3
2013,IE,E,1
2013,IS,B,1
2013,IT,A,1179
2013,IT,B,1127
2013,IT,C,1550
2013,IT,D,113
2013,IT,E,140
2013,IT,F,483
2013,IT,G,853
2013,IT,H,949
2013,LT,A,17
2013,LT,B,14
2013,LT,C,4
2013,LT,E,5
2013,LT,F,4
2013,LT,G,20
2013,LT,H,3
2013,LU,A,24
2013,LU,B,20
2013,LU,C,45
2013,LU,D,4
2013,LU,E,2
2013,LU,F,8
2013,LU,G,9
2013,LU,H,12
2013,LV,A,7
2013,LV,B,8
2013,LV,C,20
2013,LV,E,2
2013,LV,F,1
2013,LV,G,8
2013,LV,H,2
2013,NL,A,349
2013,NL,B,302
2013,NL,C,424
2013,NL,D,50
2013,NL,E,42
2013,NL,F,119
2013,NL,G,164
2013,NL,H,183
2013,NO,A,144
2013,NO,B,79
2013,NO,C,154
2013,NO,D,5
2013,NO,E,9
2013,NO,F,43
2013,NO,G,73
2013,NO,H,88
2013,PL,A,292
2013,PL,B,367
2013,PL,C,309
2013,PL,D,11
2013,PL,E,67
2013,PL,F,147
2013,PL,G,287
2013,PL,H,353
2013,PT,A,14
2013,PT,B,68
2013,PT,C,46
2013,PT,D,2
2013,PT,F,18
2013,PT,G,26
2013,PT,H,50
2013,RO,A,26
2013,RO,B,19
2013,RO,C,9
2013,RO,E,3
2013,RO,F,16
2013,RO,G,19
2013,RO,H,11
2013,RU,A,148
2013,RU,B,327
2013,RU,C,263
2013,RU,D,41
2013,RU,E,35
2013,RU,F,179
2013,RU,G,240
2013,RU,H,280
2013,SE,A,260
2013,SE,B,256
2013,SE,C,214
2013,SE,D,36
2013,SE,E,35
2013,SE,F,133
2013,SE,G,215
2013,SE,H,242
2013,SI,A,48
2013,SI,B,18
2013,SI,C,37
2013,SI,E,2
2013,SI,F,19
2013,SI,G,36
2013,SI,H,30
2013,SK,A,13
2013,SK,B,9
2013,SK,C,8
2013,SK,E,2
2013,SK,F,1
2013,SK,G,12
2013,SK,H,7
2014,AT,A,143
2014,AT,B,234
2014,AT,C,108
2014,AT,D,10
2014,AT,E,39
2014,AT,F,117
2014,AT,G,94
2014,AT,H,86
2014,BE,B,3
2014,BE,C,1
2014,BE,G,3
2014,BE,H,3
2014,BG,A,5
2014,BG,C,11
2014,BG,D,1
2014,BG,G,3
2014,BG,H,2
2014,CH,A,147
2014,CH,B,156
2014,CH,C,129
2014,CH,D,10
2014,CH,E,21
2014,CH,F,90
2014,CH,G,94
2014,CH,H,91
2014,CZ,A,63
2014,CZ,B,125
2014,CZ,C,38
2014,CZ,D,7
2014,CZ,E,24
2014,CZ,F,66
2014,CZ,G,25
2014,CZ,H,35
2014,DE,A,12058
2014,DE,B,17227
2014,DE,C,8329
2014,DE,D,1018
2014,DE,E,3017
2014,DE,F,9425
2014,DE,G,8132
2014,DE,H,9661
2014,DK,A,85
2014,DK,B,98
2014,DK,C,63
2014,DK,D,11
2014,DK,E,18
2014,DK,F,65
2014,DK,G,43
2014,DK,H,75
2014,EE,A,11
2014,EE,B,5
2014,EE,C,9
2014,EE,F,1
2014,EE,G,1
2014,ES,A,218
2014,ES,B,320
2014,ES,C,188
2014,ES,D,27
2014,ES,E,49
2014,ES,F,170
2014,ES,G,177
2014,ES,H,214
2014,FI,A,225
2014,FI,B,309
2014,FI,C,201
2014,FI,D,21
2014,FI,E,36
2014,FI,F,160
2014,FI,G,134
2014,FI,H,121
2014,FR,A,5724
2014,FR,B,4611
2014,FR,C,6311
2014,FR,D,524
2014,FR,E,557
2014,FR,F,2156
2014,FR,G,4378
2014,FR,H,4532
2014,GB,A,2109
2014,GB,B,1633
2014,GB,C,2268
2014,GB,D,159
2014,GB,E,151
2014,GB,F,601
2014,GB,G,1512
2014,GB,H,1604
2014,GR,A,10
2014,GR,B,13
2014,GR,C,14
2014,GR,D,1
2014,GR,E,12
2014,GR,F,2
2014,GR,G,15
2014,GR,H,5
2014,HR,A,8
2014,HR,B,29
2014,HR,C,19
2014,HR,D,3
2014,HR,E,11
2014,HR,F,15
2014,HR,G,11
2014,HR,H,26
2014,HU,A,97
2014,HU,B,114
2014,HU,C,79
2014,HU,D,7
2014,HU,E,32
2014,HU,F,67
2014,HU,G,82
2014,HU,H,62
2014,IE,B,1
2014,IE,D,1
2014,IE,F,4
2014,IE,H,2
2014,IS,C,1
2014,IT,A,3
2014,LT,A,12
2014,LT,B,5
2014,LT,C,5
2014,LT,D,1
2014,LT,E,2
2014,LT,F,12
2014,LT,G,4
2014,LT,H,10
2014,LU,A,16
2014,LU,B,14
2014,LU,C,43
2014,LU,F,7
2014,LU,G,30
2014,LU,H,11
2014,LV,A,1
2014,LV,C,1
2014,LV,G,2
2014,NL,A,333
2014,NL,B,223
2014,NL,C,306
2014,NL,D,20
2014,NL,E,36
2014,NL,F,96
2014,NL,G,212
2014,NL,H,134
2014,NO,A,73
2014,NO,B,75
2014,NO,C,72
2014,NO,D,7
2014,NO,E,12
2014,NO,F,40
2014,NO,G,20
2014,NO,H,84
2014,PL,A,290
2014,PL,B,336
2014,PL,C,269
2014,PL,D,13
2014,PL,E,60
2014,PL,F,201
2014,PL,G,154
2014,PL,H,213
2014,PT,A,8
2014,PT,B,35
2014,PT,C,19
2014,PT,E,5
2014,PT,F,15
2014,PT,G,11
2014,PT,H,3
2014,RO,A,52
2014,RO,B,84
2014,RO,C,32
2014,RO,D,3
2014,RO,E,12
2014,RO,F,19
2014,RO,G,27
2014,RO,H,17
2014,RU,A,129
2014,RU,B,212
2014,RU,C,84
2014,RU,D,12
2014,RU,E,39
2014,RU,F,123
2014,RU,G,66
2014,RU,H,83
2014,SE,A,206
2014,SE,B,250
2014,SE,C,128
2014,SE,D,20
2014,SE,E,39
2014,SE,F,150
2014,SE,G,137
2014,SE,H,174
2014,SI,A,17
2014,SI,B,33
2014,SI,C,19
2014,SI,D,1
2014,SI,E,2
2014,SI,F,12
2014,SI,G,24
2014,SI,H,24
2014,SK,A,1
2014,SK,B,2
2014,SK,F,4
2014,SK,G,3
2014,SK,H,4
