[
  {"year":1980,"country":"AT","class":"A","amount":0},
  {"year":1980,"country":"BE","class":"A","amount":0},
  {"year":1980,"country":"BG","class":"A","amount":0},
  {"year":1980,"country":"CH","class":"A","amount":0},
  {"year":1980,"country":"CZ","class":"A","amount":0},
  {"year":1980,"country":"DE","class":"A","amount":0},
  {"year":1980,"country":"DK","class":"A","amount":0},
  {"year":1980,"country":"EE","class":"A","amount":0},
  {"year":1980,"country":"ES","class":"A","amount":0},
  {"year":1980,"country":"FI","class":"A","amount":0},
  {"year":1980,"country":"FR","class":"A","amount":0},
  {"year":1980,"country":"GB","class":"A","amount":0},
  {"year":1980,"country":"GR","class":"A","amount":0},
  {"year":1980,"country":"HR","class":"A","amount":0},
  {"year":1980,"country":"HU","class":"A","amount":0},
  {"year":1980,"country":"IE","class":"A","amount":0},
  {"year":1980,"country":"IS","class":"A","amount":0},
  {"year":1980,"country":"IT","class":"A","amount":0},
  {"year":1980,"country":"LT","class":"A","amount":0},
  {"year":1980,"country":"LU","class":"A","amount":0},
  {"year":1980,"country":"LV","class":"A","amount":0},
  {"year":1980,"country":"NL","class":"A","amount":0},
  {"year":1980,"country":"NO","class":"A","amount":0},
  {"year":1980,"country":"PL","class":"A","amount":0},
  {"year":1980,"country":"PT","class":"A","amount":0},
  {"year":1980,"country":"RO","class":"A","amount":0},
  {"year":1980,"country":"RU","class":"A","amount":0},
  {"year":1980,"country":"SE","class":"A","amount":0},
  {"year":1980,"country":"SI","class":"A","amount":0},
  {"year":1980,"country":"SK","class":"A","amount":0},
  {"year":1981,"country":"AT","class":"A","amount":0},
  {"year":1981,"country":"BE","class":"A","amount":0},
  {"year":1981,"country":"BG","class":"A","amount":0},
  {"year":1981,"country":"CH","class":"A","amount":0},
  {"year":1981,"country":"CZ","class":"A","amount":0},
  {"year":1981,"country":"DE","class":"A","amount":0},
  {"year":1981,"country":"DK","class":"A","amount":0},
  {"year":1981,"country":"EE","class":"A","amount":0},
  {"year":1981,"country":"ES","class":"A","amount":0},
  {"year":1981,"country":"FI","class":"A","amount":0},
  {"year":1981,"country":"FR","class":"A","amount":0},
  {"year":1981,"country":"GB","class":"A","amount":0},
  {"year":1981,"country":"GR","class":"A","amount":0},
  {"year":1981,"country":"HR","class":"A","amount":0},
  {"year":1981,"country":"HU","class":"A","amount":0},
  {"year":1981,"country":"IE","class":"A","amount":0},
  {"year":1981,"country":"IS","class":"A","amount":0},
  {"year":1981,"country":"IT","class":"A","amount":0},
  {"year":1981,"country":"LT","class":"A","amount":0},
  {"year":1981,"country":"LU","class":"A","amount":0},
  {"year":1981,"country":"LV","class":"A","amount":0},
  {"year":1981,"country":"NL","class":"A","amount":0},
  {"year":1981,"country":"NO","class":"A","amount":0},
  {"year":1981,"country":"PL","class":"A","amount":0},
  {"year":1981,"country":"PT","class":"A","amount":0},
  {"year":1981,"country":"RO","class":"A","amount":0},
  {"year":1981,"country":"RU","class":"A","amount":0},
  {"year":1981,"country":"SE","class":"A","amount":0},
  {"year":1981,"country":"SI","class":"A","amount":0},
  {"year":1981,"country":"SK","class":"A","amount":0},
  {"year":1982,"country":"AT","class":"A","amount":0},
  {"year":1982,"country":"BE","class":"A","amount":0},
  {"year":1982,"country":"BG","class":"A","amount":0},
  {"year":1982,"country":"CH","class":"A","amount":0},
  {"year":1982,"country":"CZ","class":"A","amount":0},
  {"year":1982,"country":"DE","class":"A","amount":0},
  {"year":1982,"country":"DK","class":"A","amount":0},
  {"year":1982,"country":"EE","class":"A","amount":0},
  {"year":1982,"country":"ES","class":"A","amount":0},
  {"year":1982,"country":"FI","class":"A","amount":0},
  {"year":1982,"country":"FR","class":"A","amount":0},
  {"year":1982,"country":"GB","class":"A","amount":0},
  {"year":1982,"country":"GR","class":"A","amount":0},
  {"year":1982,"country":"HR","class":"A","amount":0},
  {"year":1982,"country":"HU","class":"A","amount":0},
  {"year":1982,"country":"IE","class":"A","amount":0},
  {"year":1982,"country":"IS","class":"A","amount":0},
  {"year":1982,"country":"IT","class":"A","amount":0},
  {"year":1982,"country":"LT","class":"A","amount":0},
  {"year":1982,"country":"LU","class":"A","amount":0},
  {"year":1982,"country":"LV","class":"A","amount":0},
  {"year":1982,"country":"NL","class":"A","amount":0},
  {"year":1982,"country":"NO","class":"A","amount":0},
  {"year":1982,"country":"PL","class":"A","amount":0},
  {"year":1982,"country":"PT","class":"A","amount":0},
  {"year":1982,"country":"RO","class":"A","amount":0},
  {"year":1982,"country":"RU","class":"A","amount":0},
  {"year":1982,"country":"SE","class":"A","amount":0},
  {"year":1982,"country":"SI","class":"A","amount":0},
  {"year":1982,"country":"SK","class":"A","amount":0},
  {"year":1983,"country":"AT","class":"A","amount":0},
  {"year":1983,"country":"BE","class":"A","amount":0},
  {"year":1983,"country":"BG","class":"A","amount":0},
  {"year":1983,"country":"CH","class":"A","amount":0},
  {"year":1983,"country":"CZ","class":"A","amount":0},
  {"year":1983,"country":"DE","class":"A","amount":0},
  {"year":1983,"country":"DK","class":"A","amount":0},
  {"year":1983,"country":"EE","class":"A","amount":0},
  {"year":1983,"country":"ES","class":"A","amount":0},
  {"year":1983,"country":"FI","class":"A","amount":0},
  {"year":1983,"country":"FR","class":"A","amount":0},
  {"year":1983,"country":"GB","class":"A","amount":0},
  {"year":1983,"country":"GR","class":"A","amount":0},
  {"year":1983,"country":"HR","class":"A","amount":0},
  {"year":1983,"country":"HU","class":"A","amount":0},
  {"year":1983,"country":"IE","class":"A","amount":0},
  {"year":1983,"country":"IS","class":"A","amount":0},
  {"year":1983,"country":"IT","class":"A","amount":0},
  {"year":1983,"country":"LT","class":"A","amount":0},
  {"year":1983,"country":"LU","class":"A","amount":0},
  {"year":1983,"country":"LV","class":"A","amount":0},
  {"year":1983,"country":"NL","class":"A","amount":0},
  {"year":1983,"country":"NO","class":"A","amount":0},
  {"year":1983,"country":"PL","class":"A","amount":0},
  {"year":1983,"country":"PT","class":"A","amount":0},
  {"year":1983,"country":"RO","class":"A","amount":0},
  {"year":1983,"country":"RU","class":"A","amount":0},
  {"year":1983,"country":"SE","class":"A","amount":0},
  {"year":1983,"country":"SI","class":"A","amount":0},
  {"year":1983,"country":"SK","class":"A","amount":0},
  {"year":1984,"country":"AT","class":"A","amount":0},
  {"year":1984,"country":"BE","class":"A","amount":0},
  {"year":1984,"country":"BG","class":"A","amount":0},
  {"year":1984,"country":"CH","class":"A","amount":0},
  {"year":1984,"country":"CZ","class":"A","amount":0},
  {"year":1984,"country":"DE","class":"A","amount":0},
  {"year":1984,"country":"DK","class":"A","amount":0},
  {"year":1984,"country":"EE","class":"A","amount":0},
  {"year":1984,"country":"ES","class":"A","amount":0},
  {"year":1984,"country":"FI","class":"A","amount":0},
  {"year":1984,"country":"FR","class":"A","amount":0},
  {"year":1984,"country":"GB","class":"A","amount":0},
  {"year":1984,"country":"GR","class":"A","amount":0},
  {"year":1984,"country":"HR","class":"A","amount":0},
  {"year":1984,"country":"HU","class":"A","amount":0},
  {"year":1984,"country":"IE","class":"A","amount":0},
  {"year":1984,"country":"IS","class":"A","amount":0},
  {"year":1984,"country":"IT","class":"A","amount":0},
  {"year":1984,"country":"LT","class":"A","amount":0},
  {"year":1984,"country":"LU","class":"A","amount":0},
  {"year":1984,"country":"LV","class":"A","amount":0},
  {"year":1984,"country":"NL","class":"A","amount":0},
  {"year":1984,"country":"NO","class":"A","amount":0},
  {"year":1984,"country":"PL","class":"A","amount":0},
  {"year":1984,"country":"PT","class":"A","amount":0},
  {"year":1984,"country":"RO","class":"A","amount":0},
  {"year":1984,"country":"RU","class":"A","amount":0},
  {"year":1984,"country":"SE","class":"A","amount":0},
  {"year":1984,"country":"SI","class":"A","amount":0},
  {"year":1984,"country":"SK","class":"A","amount":0},
  {"year":1985,"country":"AT","class":"A","amount":0},
  {"year":1985,"country":"BE","class":"A","amount":0},
  {"year":1985,"country":"BG","class":"A","amount":0},
  {"year":1985,"country":"CH","class":"A","amount":0},
  {"year":1985,"country":"CZ","class":"A","amount":0},
  {"year":1985,"country":"DE","class":"A","amount":0},
  {"year":1985,"country":"DK","class":"A","amount":0},
  {"year":1985,"country":"EE","class":"A","amount":0},
  {"year":1985,"country":"ES","class":"A","amount":0},
  {"year":1985,"country":"FI","class":"A","amount":0},
  {"year":1985,"country":"FR","class":"A","amount":0},
  {"year":1985,"country":"GB","class":"A","amount":0},
  {"year":1985,"country":"GR","class":"A","amount":0},
  {"year":1985,"country":"HR","class":"A","amount":0},
  {"year":1985,"country":"HU","class":"A","amount":0},
  {"year":1985,"country":"IE","class":"A","amount":0},
  {"year":1985,"country":"IS","class":"A","amount":0},
  {"year":1985,"country":"IT","class":"A","amount":0},
  {"year":1985,"country":"LT","class":"A","amount":0},
  {"year":1985,"country":"LU","class":"A","amount":0},
  {"year":1985,"country":"LV","class":"A","amount":0},
  {"year":1985,"country":"NL","class":"A","amount":0},
  {"year":1985,"country":"NO","class":"A","amount":0},
  {"year":1985,"country":"PL","class":"A","amount":0},
  {"year":1985,"country":"PT","class":"A","amount":0},
  {"year":1985,"country":"RO","class":"A","amount":0},
  {"year":1985,"country":"RU","class":"A","amount":0},
  {"year":1985,"country":"SE","class":"A","amount":0},
  {"year":1985,"country":"SI","class":"A","amount":0},
  {"year":1985,"country":"SK","class":"A","amount":0},
  {"year":1986,"country":"AT","class":"A","amount":0},
  {"year":1986,"country":"BE","class":"A","amount":0},
  {"year":1986,"country":"BG","class":"A","amount":0},
  {"year":1986,"country":"CH","class":"A","amount":0},
  {"year":1986,"country":"CZ","class":"A","amount":0},
  {"year":1986,"country":"DE","class":"A","amount":0},
  {"year":1986,"country":"DK","class":"A","amount":0},
  {"year":1986,"country":"EE","class":"A","amount":0},
  {"year":1986,"country":"ES","class":"A","amount":0},
  {"year":1986,"country":"FI","class":"A","amount":0},
  {"year":1986,"country":"FR","class":"A","amount":0},
  {"year":1986,"country":"GB","class":"A","amount":0},
  {"year":1986,"country":"GR","class":"A","amount":0},
  {"year":1986,"country":"HR","class":"A","amount":0},
  {"year":1986,"country":"HU","class":"A","amount":0},
  {"year":1986,"country":"IE","class":"A","amount":0},
  {"year":1986,"country":"IS","class":"A","amount":0},
  {"year":1986,"country":"IT","class":"A","amount":0},
  {"year":1986,"country":"LT","class":"A","amount":0},
  {"year":1986,"country":"LU","class":"A","amount":0},
  {"year":1986,"country":"LV","class":"A","amount":0},
  {"year":1986,"country":"NL","class":"A","amount":0},
  {"year":1986,"country":"NO","class":"A","amount":0},
  {"year":1986,"country":"PL","class":"A","amount":0},
  {"year":1986,"country":"PT","class":"A","amount":0},
  {"year":1986,"country":"RO","class":"A","amount":0},
  {"year":1986,"country":"RU","class":"A","amount":0},
  {"year":1986,"country":"SE","class":"A","amount":0},
  {"year":1986,"country":"SI","class":"A","amount":0},
  {"year":1986,"country":"SK","class":"A","amount":0},
  {"year":1987,"country":"AT","class":"A","amount":0},
  {"year":1987,"country":"BE","class":"A","amount":0},
  {"year":1987,"country":"BG","class":"A","amount":0},
  {"year":1987,"country":"CH","class":"A","amount":0},
  {"year":1987,"country":"CZ","class":"A","amount":0},
  {"year":1987,"country":"DE","class":"A","amount":0},
  {"year":1987,"country":"DK","class":"A","amount":0},
  {"year":1987,"country":"EE","class":"A","amount":0},
  {"year":1987,"country":"ES","class":"A","amount":0},
  {"year":1987,"country":"FI","class":"A","amount":0},
  {"year":1987,"country":"FR","class":"A","amount":0},
  {"year":1987,"country":"GB","class":"A","amount":0},
  {"year":1987,"country":"GR","class":"A","amount":0},
  {"year":1987,"country":"HR","class":"A","amount":0},
  {"year":1987,"country":"HU","class":"A","amount":0},
  {"year":1987,"country":"IE","class":"A","amount":0},
  {"year":1987,"country":"IS","class":"A","amount":0},
  {"year":1987,"country":"IT","class":"A","amount":0},
  {"year":1987,"country":"LT","class":"A","amount":0},
  {"year":1987,"country":"LU","class":"A","amount":0},
  {"year":1987,"country":"LV","class":"A","amount":0},
  {"year":1987,"country":"NL","class":"A","amount":0},
  {"year":1987,"country":"NO","class":"A","amount":0},
  {"year":1987,"country":"PL","class":"A","amount":0},
  {"year":1987,"country":"PT","class":"A","amount":0},
  {"year":1987,"country":"RO","class":"A","amount":0},
  {"year":1987,"country":"RU","class":"A","amount":0},
  {"year":1987,"country":"SE","class":"A","amount":0},
  {"year":1987,"country":"SI","class":"A","amount":0},
  {"year":1987,"country":"SK","class":"A","amount":0},
  {"year":1988,"country":"AT","class":"A","amount":0},
  {"year":1988,"country":"BE","class":"A","amount":0},
  {"year":1988,"country":"BG","class":"A","amount":0},
  {"year":1988,"country":"CH","class":"A","amount":0},
  {"year":1988,"country":"CZ","class":"A","amount":0},
  {"year":1988,"country":"DE","class":"A","amount":0},
  {"year":1988,"country":"DK","class":"A","amount":0},
  {"year":1988,"country":"EE","class":"A","amount":0},
  {"year":1988,"country":"ES","class":"A","amount":0},
  {"year":1988,"country":"FI","class":"A","amount":0},
  {"year":1988,"country":"FR","class":"A","amount":0},
  {"year":1988,"country":"GB","class":"A","amount":0},
  {"year":1988,"country":"GR","class":"A","amount":0},
  {"year":1988,"country":"HR","class":"A","amount":0},
  {"year":1988,"country":"HU","class":"A","amount":0},
  {"year":1988,"country":"IE","class":"A","amount":0},
  {"year":1988,"country":"IS","class":"A","amount":0},
  {"year":1988,"country":"IT","class":"A","amount":0},
  {"year":1988,"country":"LT","class":"A","amount":0},
  {"year":1988,"country":"LU","class":"A","amount":0},
  {"year":1988,"country":"LV","class":"A","amount":0},
  {"year":1988,"country":"NL","class":"A","amount":0},
  {"year":1988,"country":"NO","class":"A","amount":0},
  {"year":1988,"country":"PL","class":"A","amount":0},
  {"year":1988,"country":"PT","class":"A","amount":0},
  {"year":1988,"country":"RO","class":"A","amount":0},
  {"year":1988,"country":"RU","class":"A","amount":0},
  {"year":1988,"country":"SE","class":"A","amount":0},
  {"year":1988,"country":"SI","class":"A","amount":0},
  {"year":1988,"country":"SK","class":"A","amount":0},
  {"year":1999,"country":"AT","class":"A","amount":0},
  {"year":1999,"country":"BE","class":"A","amount":0},
  {"year":1999,"country":"BG","class":"A","amount":0},
  {"year":1999,"country":"CH","class":"A","amount":0},
  {"year":1999,"country":"CZ","class":"A","amount":0},
  {"year":1999,"country":"DE","class":"A","amount":0},
  {"year":1999,"country":"DK","class":"A","amount":0},
  {"year":1999,"country":"EE","class":"A","amount":0},
  {"year":1999,"country":"ES","class":"A","amount":0},
  {"year":1999,"country":"FI","class":"A","amount":0},
  {"year":1999,"country":"FR","class":"A","amount":0},
  {"year":1999,"country":"GB","class":"A","amount":0},
  {"year":1999,"country":"GR","class":"A","amount":0},
  {"year":1999,"country":"HR","class":"A","amount":0},
  {"year":1999,"country":"HU","class":"A","amount":0},
  {"year":1999,"country":"IE","class":"A","amount":0},
  {"year":1999,"country":"IS","class":"A","amount":0},
  {"year":1999,"country":"IT","class":"A","amount":0},
  {"year":1999,"country":"LT","class":"A","amount":0},
  {"year":1999,"country":"LU","class":"A","amount":0},
  {"year":1999,"country":"LV","class":"A","amount":0},
  {"year":1999,"country":"NL","class":"A","amount":0},
  {"year":1999,"country":"NO","class":"A","amount":0},
  {"year":1999,"country":"PL","class":"A","amount":0},
  {"year":1999,"country":"PT","class":"A","amount":0},
  {"year":1999,"country":"RO","class":"A","amount":0},
  {"year":1999,"country":"RU","class":"A","amount":0},
  {"year":1999,"country":"SE","class":"A","amount":0},
  {"year":1999,"country":"SI","class":"A","amount":0},
  {"year":1999,"country":"SK","class":"A","amount":0},
  {"year":2000,"country":"AT","class":"A","amount":0},
  {"year":2000,"country":"BE","class":"A","amount":0},
  {"year":2000,"country":"BG","class":"A","amount":0},
  {"year":2000,"country":"CH","class":"A","amount":0},
  {"year":2000,"country":"CZ","class":"A","amount":0},
  {"year":2000,"country":"DE","class":"A","amount":0},
  {"year":2000,"country":"DK","class":"A","amount":0},
  {"year":2000,"country":"EE","class":"A","amount":0},
  {"year":2000,"country":"ES","class":"A","amount":0},
  {"year":2000,"country":"FI","class":"A","amount":0},
  {"year":2000,"country":"FR","class":"A","amount":0},
  {"year":2000,"country":"GB","class":"A","amount":0},
  {"year":2000,"country":"GR","class":"A","amount":0},
  {"year":2000,"country":"HR","class":"A","amount":0},
  {"year":2000,"country":"HU","class":"A","amount":0},
  {"year":2000,"country":"IE","class":"A","amount":0},
  {"year":2000,"country":"IS","class":"A","amount":0},
  {"year":2000,"country":"IT","class":"A","amount":0},
  {"year":2000,"country":"LT","class":"A","amount":0},
  {"year":2000,"country":"LU","class":"A","amount":0},
  {"year":2000,"country":"LV","class":"A","amount":0},
  {"year":2000,"country":"NL","class":"A","amount":0},
  {"year":2000,"country":"NO","class":"A","amount":0},
  {"year":2000,"country":"PL","class":"A","amount":0},
  {"year":2000,"country":"PT","class":"A","amount":0},
  {"year":2000,"country":"RO","class":"A","amount":0},
  {"year":2000,"country":"RU","class":"A","amount":0},
  {"year":2000,"country":"SE","class":"A","amount":0},
  {"year":2000,"country":"SI","class":"A","amount":0},
  {"year":2000,"country":"SK","class":"A","amount":0},
  {"year":2001,"country":"AT","class":"A","amount":0},
  {"year":2001,"country":"BE","class":"A","amount":0},
  {"year":2001,"country":"BG","class":"A","amount":0},
  {"year":2001,"country":"CH","class":"A","amount":0},
  {"year":2001,"country":"CZ","class":"A","amount":0},
  {"year":2001,"country":"DE","class":"A","amount":0},
  {"year":2001,"country":"DK","class":"A","amount":0},
  {"year":2001,"country":"EE","class":"A","amount":0},
  {"year":2001,"country":"ES","class":"A","amount":0},
  {"year":2001,"country":"FI","class":"A","amount":0},
  {"year":2001,"country":"FR","class":"A","amount":0},
  {"year":2001,"country":"GB","class":"A","amount":0},
  {"year":2001,"country":"GR","class":"A","amount":0},
  {"year":2001,"country":"HR","class":"A","amount":0},
  {"year":2001,"country":"HU","class":"A","amount":0},
  {"year":2001,"country":"IE","class":"A","amount":0},
  {"year":2001,"country":"IS","class":"A","amount":0},
  {"year":2001,"country":"IT","class":"A","amount":0},
  {"year":2001,"country":"LT","class":"A","amount":0},
  {"year":2001,"country":"LU","class":"A","amount":0},
  {"year":2001,"country":"LV","class":"A","amount":0},
  {"year":2001,"country":"NL","class":"A","amount":0},
  {"year":2001,"country":"NO","class":"A","amount":0},
  {"year":2001,"country":"PL","class":"A","amount":0},
  {"year":2001,"country":"PT","class":"A","amount":0},
  {"year":2001,"country":"RO","class":"A","amount":0},
  {"year":2001,"country":"RU","class":"A","amount":0},
  {"year":2001,"country":"SE","class":"A","amount":0},
  {"year":2001,"country":"SI","class":"A","amount":0},
  {"year":2001,"country":"SK","class":"A","amount":0},
  {"year":2002,"country":"AT","class":"A","amount":0},
  {"year":2002,"country":"BE","class":"A","amount":0},
  {"year":2002,"country":"BG","class":"A","amount":0},
  {"year":2002,"country":"CH","class":"A","amount":0},
  {"year":2002,"country":"CZ","class":"A","amount":0},
  {"year":2002,"country":"DE","class":"A","amount":0},
  {"year":2002,"country":"DK","class":"A","amount":0},
  {"year":2002,"country":"EE","class":"A","amount":0},
  {"year":2002,"country":"ES","class":"A","amount":0},
  {"year":2002,"country":"FI","class":"A","amount":0},
  {"year":2002,"country":"FR","class":"A","amount":0},
  {"year":2002,"country":"GB","class":"A","amount":0},
  {"year":2002,"country":"GR","class":"A","amount":0},
  {"year":2002,"country":"HR","class":"A","amount":0},
  {"year":2002,"country":"HU","class":"A","amount":0},
  {"year":2002,"country":"IE","class":"A","amount":0},
  {"year":2002,"country":"IS","class":"A","amount":0},
  {"year":2002,"country":"IT","class":"A","amount":0},
  {"year":2002,"country":"LT","class":"A","amount":0},
  {"year":2002,"country":"LU","class":"A","amount":0},
  {"year":2002,"country":"LV","class":"A","amount":0},
  {"year":2002,"country":"NL","class":"A","amount":0},
  {"year":2002,"country":"NO","class":"A","amount":0},
  {"year":2002,"country":"PL","class":"A","amount":0},
  {"year":2002,"country":"PT","class":"A","amount":0},
  {"year":2002,"country":"RO","class":"A","amount":0},
  {"year":2002,"country":"RU","class":"A","amount":0},
  {"year":2002,"country":"SE","class":"A","amount":0},
  {"year":2002,"country":"SI","class":"A","amount":0},
  {"year":2002,"country":"SK","class":"A","amount":0},
  {"year":2003,"country":"AT","class":"A","amount":0},
  {"year":2003,"country":"BE","class":"A","amount":0},
  {"year":2003,"country":"BG","class":"A","amount":0},
  {"year":2003,"country":"CH","class":"A","amount":0},
  {"year":2003,"country":"CZ","class":"A","amount":0},
  {"year":2003,"country":"DE","class":"A","amount":0},
  {"year":2003,"country":"DK","class":"A","amount":0},
  {"year":2003,"country":"EE","class":"A","amount":0},
  {"year":2003,"country":"ES","class":"A","amount":0},
  {"year":2003,"country":"FI","class":"A","amount":0},
  {"year":2003,"country":"FR","class":"A","amount":0},
  {"year":2003,"country":"GB","class":"A","amount":0},
  {"year":2003,"country":"GR","class":"A","amount":0},
  {"year":2003,"country":"HR","class":"A","amount":0},
  {"year":2003,"country":"HU","class":"A","amount":0},
  {"year":2003,"country":"IE","class":"A","amount":0},
  {"year":2003,"country":"IS","class":"A","amount":0},
  {"year":2003,"country":"IT","class":"A","amount":0},
  {"year":2003,"country":"LT","class":"A","amount":0},
  {"year":2003,"country":"LU","class":"A","amount":0},
  {"year":2003,"country":"LV","class":"A","amount":0},
  {"year":2003,"country":"NL","class":"A","amount":0},
  {"year":2003,"country":"NO","class":"A","amount":0},
  {"year":2003,"country":"PL","class":"A","amount":0},
  {"year":2003,"country":"PT","class":"A","amount":0},
  {"year":2003,"country":"RO","class":"A","amount":0},
  {"year":2003,"country":"RU","class":"A","amount":0},
  {"year":2003,"country":"SE","class":"A","amount":0},
  {"year":2003,"country":"SI","class":"A","amount":0},
  {"year":2003,"country":"SK","class":"A","amount":0},
  {"year":2004,"country":"AT","class":"A","amount":0},
  {"year":2004,"country":"BE","class":"A","amount":0},
  {"year":2004,"country":"BG","class":"A","amount":0},
  {"year":2004,"country":"CH","class":"A","amount":0},
  {"year":2004,"country":"CZ","class":"A","amount":0},
  {"year":2004,"country":"DE","class":"A","amount":0},
  {"year":2004,"country":"DK","class":"A","amount":0},
  {"year":2004,"country":"EE","class":"A","amount":0},
  {"year":2004,"country":"ES","class":"A","amount":0},
  {"year":2004,"country":"FI","class":"A","amount":0},
  {"year":2004,"country":"FR","class":"A","amount":0},
  {"year":2004,"country":"GB","class":"A","amount":0},
  {"year":2004,"country":"GR","class":"A","amount":0},
  {"year":2004,"country":"HR","class":"A","amount":0},
  {"year":2004,"country":"HU","class":"A","amount":0},
  {"year":2004,"country":"IE","class":"A","amount":0},
  {"year":2004,"country":"IS","class":"A","amount":0},
  {"year":2004,"country":"IT","class":"A","amount":0},
  {"year":2004,"country":"LT","class":"A","amount":0},
  {"year":2004,"country":"LU","class":"A","amount":0},
  {"year":2004,"country":"LV","class":"A","amount":0},
  {"year":2004,"country":"NL","class":"A","amount":0},
  {"year":2004,"country":"NO","class":"A","amount":0},
  {"year":2004,"country":"PL","class":"A","amount":0},
  {"year":2004,"country":"PT","class":"A","amount":0},
  {"year":2004,"country":"RO","class":"A","amount":0},
  {"year":2004,"country":"RU","class":"A","amount":0},
  {"year":2004,"country":"SE","class":"A","amount":0},
  {"year":2004,"country":"SI","class":"A","amount":0},
  {"year":2004,"country":"SK","class":"A","amount":0},
  {"year":2005,"country":"AT","class":"A","amount":0},
  {"year":2005,"country":"BE","class":"A","amount":0},
  {"year":2005,"country":"BG","class":"A","amount":0},
  {"year":2005,"country":"CH","class":"A","amount":0},
  {"year":2005,"country":"CZ","class":"A","amount":0},
  {"year":2005,"country":"DE","class":"A","amount":0},
  {"year":2005,"country":"DK","class":"A","amount":0},
  {"year":2005,"country":"EE","class":"A","amount":0},
  {"year":2005,"country":"ES","class":"A","amount":0},
  {"year":2005,"country":"FI","class":"A","amount":0},
  {"year":2005,"country":"FR","class":"A","amount":0},
  {"year":2005,"country":"GB","class":"A","amount":0},
  {"year":2005,"country":"GR","class":"A","amount":0},
  {"year":2005,"country":"HR","class":"A","amount":0},
  {"year":2005,"country":"HU","class":"A","amount":0},
  {"year":2005,"country":"IE","class":"A","amount":0},
  {"year":2005,"country":"IS","class":"A","amount":0},
  {"year":2005,"country":"IT","class":"A","amount":0},
  {"year":2005,"country":"LT","class":"A","amount":0},
  {"year":2005,"country":"LU","class":"A","amount":0},
  {"year":2005,"country":"LV","class":"A","amount":0},
  {"year":2005,"country":"NL","class":"A","amount":0},
  {"year":2005,"country":"NO","class":"A","amount":0},
  {"year":2005,"country":"PL","class":"A","amount":0},
  {"year":2005,"country":"PT","class":"A","amount":0},
  {"year":2005,"country":"RO","class":"A","amount":0},
  {"year":2005,"country":"RU","class":"A","amount":0},
  {"year":2005,"country":"SE","class":"A","amount":0},
  {"year":2005,"country":"SI","class":"A","amount":0},
  {"year":2005,"country":"SK","class":"A","amount":0},
  {"year":2006,"country":"AT","class":"A","amount":0},
  {"year":2006,"country":"BE","class":"A","amount":0},
  {"year":2006,"country":"BG","class":"A","amount":0},
  {"year":2006,"country":"CH","class":"A","amount":0},
  {"year":2006,"country":"CZ","class":"A","amount":0},
  {"year":2006,"country":"DE","class":"A","amount":0},
  {"year":2006,"country":"DK","class":"A","amount":0},
  {"year":2006,"country":"EE","class":"A","amount":0},
  {"year":2006,"country":"ES","class":"A","amount":0},
  {"year":2006,"country":"FI","class":"A","amount":0},
  {"year":2006,"country":"FR","class":"A","amount":0},
  {"year":2006,"country":"GB","class":"A","amount":0},
  {"year":2006,"country":"GR","class":"A","amount":0},
  {"year":2006,"country":"HR","class":"A","amount":0},
  {"year":2006,"country":"HU","class":"A","amount":0},
  {"year":2006,"country":"IE","class":"A","amount":0},
  {"year":2006,"country":"IS","class":"A","amount":0},
  {"year":2006,"country":"IT","class":"A","amount":0},
  {"year":2006,"country":"LT","class":"A","amount":0},
  {"year":2006,"country":"LU","class":"A","amount":0},
  {"year":2006,"country":"LV","class":"A","amount":0},
  {"year":2006,"country":"NL","class":"A","amount":0},
  {"year":2006,"country":"NO","class":"A","amount":0},
  {"year":2006,"country":"PL","class":"A","amount":0},
  {"year":2006,"country":"PT","class":"A","amount":0},
  {"year":2006,"country":"RO","class":"A","amount":0},
  {"year":2006,"country":"RU","class":"A","amount":0},
  {"year":2006,"country":"SE","class":"A","amount":0},
  {"year":2006,"country":"SI","class":"A","amount":0},
  {"year":2006,"country":"SK","class":"A","amount":0},
  {"year":2007,"country":"AT","class":"A","amount":0},
  {"year":2007,"country":"BE","class":"A","amount":0},
  {"year":2007,"country":"BG","class":"A","amount":0},
  {"year":2007,"country":"CH","class":"A","amount":0},
  {"year":2007,"country":"CZ","class":"A","amount":0},
  {"year":2007,"country":"DE","class":"A","amount":0},
  {"year":2007,"country":"DK","class":"A","amount":0},
  {"year":2007,"country":"EE","class":"A","amount":0},
  {"year":2007,"country":"ES","class":"A","amount":0},
  {"year":2007,"country":"FI","class":"A","amount":0},
  {"year":2007,"country":"FR","class":"A","amount":0},
  {"year":2007,"country":"GB","class":"A","amount":0},
  {"year":2007,"country":"GR","class":"A","amount":0},
  {"year":2007,"country":"HR","class":"A","amount":0},
  {"year":2007,"country":"HU","class":"A","amount":0},
  {"year":2007,"country":"IE","class":"A","amount":0},
  {"year":2007,"country":"IS","class":"A","amount":0},
  {"year":2007,"country":"IT","class":"A","amount":0},
  {"year":2007,"country":"LT","class":"A","amount":0},
  {"year":2007,"country":"LU","class":"A","amount":0},
  {"year":2007,"country":"LV","class":"A","amount":0},
  {"year":2007,"country":"NL","class":"A","amount":0},
  {"year":2007,"country":"NO","class":"A","amount":0},
  {"year":2007,"country":"PL","class":"A","amount":0},
  {"year":2007,"country":"PT","class":"A","amount":0},
  {"year":2007,"country":"RO","class":"A","amount":0},
  {"year":2007,"country":"RU","class":"A","amount":0},
  {"year":2007,"country":"SE","class":"A","amount":0},
  {"year":2007,"country":"SI","class":"A","amount":0},
  {"year":2007,"country":"SK","class":"A","amount":0},
  {"year":2008,"country":"AT","class":"A","amount":0},
  {"year":2008,"country":"BE","class":"A","amount":0},
  {"year":2008,"country":"BG","class":"A","amount":0},
  {"year":2008,"country":"CH","class":"A","amount":0},
  {"year":2008,"country":"CZ","class":"A","amount":0},
  {"year":2008,"country":"DE","class":"A","amount":0},
  {"year":2008,"country":"DK","class":"A","amount":0},
  {"year":2008,"country":"EE","class":"A","amount":0},
  {"year":2008,"country":"ES","class":"A","amount":0},
  {"year":2008,"country":"FI","class":"A","amount":0},
  {"year":2008,"country":"FR","class":"A","amount":0},
  {"year":2008,"country":"GB","class":"A","amount":0},
  {"year":2008,"country":"GR","class":"A","amount":0},
  {"year":2008,"country":"HR","class":"A","amount":0},
  {"year":2008,"country":"HU","class":"A","amount":0},
  {"year":2008,"country":"IE","class":"A","amount":0},
  {"year":2008,"country":"IS","class":"A","amount":0},
  {"year":2008,"country":"IT","class":"A","amount":0},
  {"year":2008,"country":"LT","class":"A","amount":0},
  {"year":2008,"country":"LU","class":"A","amount":0},
  {"year":2008,"country":"LV","class":"A","amount":0},
  {"year":2008,"country":"NL","class":"A","amount":0},
  {"year":2008,"country":"NO","class":"A","amount":0},
  {"year":2008,"country":"PL","class":"A","amount":0},
  {"year":2008,"country":"PT","class":"A","amount":0},
  {"year":2008,"country":"RO","class":"A","amount":0},
  {"year":2008,"country":"RU","class":"A","amount":0},
  {"year":2008,"country":"SE","class":"A","amount":0},
  {"year":2008,"country":"SI","class":"A","amount":0},
  {"year":2008,"country":"SK","class":"A","amount":0},
  {"year":2009,"country":"AT","class":"A","amount":0},
  {"year":2009,"country":"BE","class":"A","amount":0},
  {"year":2009,"country":"BG","class":"A","amount":0},
  {"year":2009,"country":"CH","class":"A","amount":0},
  {"year":2009,"country":"CZ","class":"A","amount":0},
  {"year":2009,"country":"DE","class":"A","amount":0},
  {"year":2009,"country":"DK","class":"A","amount":0},
  {"year":2009,"country":"EE","class":"A","amount":0},
  {"year":2009,"country":"ES","class":"A","amount":0},
  {"year":2009,"country":"FI","class":"A","amount":0},
  {"year":2009,"country":"FR","class":"A","amount":0},
  {"year":2009,"country":"GB","class":"A","amount":0},
  {"year":2009,"country":"GR","class":"A","amount":0},
  {"year":2009,"country":"HR","class":"A","amount":0},
  {"year":2009,"country":"HU","class":"A","amount":0},
  {"year":2009,"country":"IE","class":"A","amount":0},
  {"year":2009,"country":"IS","class":"A","amount":0},
  {"year":2009,"country":"IT","class":"A","amount":0},
  {"year":2009,"country":"LT","class":"A","amount":0},
  {"year":2009,"country":"LU","class":"A","amount":0},
  {"year":2009,"country":"LV","class":"A","amount":0},
  {"year":2009,"country":"NL","class":"A","amount":0},
  {"year":2009,"country":"NO","class":"A","amount":0},
  {"year":2009,"country":"PL","class":"A","amount":0},
  {"year":2009,"country":"PT","class":"A","amount":0},
  {"year":2009,"country":"RO","class":"A","amount":0},
  {"year":2009,"country":"RU","class":"A","amount":0},
  {"year":2009,"country":"SE","class":"A","amount":0},
  {"year":2009,"country":"SI","class":"A","amount":0},
  {"year":2009,"country":"SK","class":"A","amount":0},
  {"year":2010,"country":"AT","class":"A","amount":0},
  {"year":2010,"country":"BE","class":"A","amount":0},
  {"year":2010,"country":"BG","class":"A","amount":0},
  {"year":2010,"country":"CH","class":"A","amount":0},
  {"year":2010,"country":"CZ","class":"A","amount":0},
  {"year":2010,"country":"DE","class":"A","amount":0},
  {"year":2010,"country":"DK","class":"A","amount":0},
  {"year":2010,"country":"EE","class":"A","amount":0},
  {"year":2010,"country":"ES","class":"A","amount":0},
  {"year":2010,"country":"FI","class":"A","amount":0},
  {"year":2010,"country":"FR","class":"A","amount":0},
  {"year":2010,"country":"GB","class":"A","amount":0},
  {"year":2010,"country":"GR","class":"A","amount":0},
  {"year":2010,"country":"HR","class":"A","amount":0},
  {"year":2010,"country":"HU","class":"A","amount":0},
  {"year":2010,"country":"IE","class":"A","amount":0},
  {"year":2010,"country":"IS","class":"A","amount":0},
  {"year":2010,"country":"IT","class":"A","amount":0},
  {"year":2010,"country":"LT","class":"A","amount":0},
  {"year":2010,"country":"LU","class":"A","amount":0},
  {"year":2010,"country":"LV","class":"A","amount":0},
  {"year":2010,"country":"NL","class":"A","amount":0},
  {"year":2010,"country":"NO","class":"A","amount":0},
  {"year":2010,"country":"PL","class":"A","amount":0},
  {"year":2010,"country":"PT","class":"A","amount":0},
  {"year":2010,"country":"RO","class":"A","amount":0},
  {"year":2010,"country":"RU","class":"A","amount":0},
  {"year":2010,"country":"SE","class":"A","amount":0},
  {"year":2010,"country":"SI","class":"A","amount":0},
  {"year":2010,"country":"SK","class":"A","amount":0},
  {"year":2011,"country":"AT","class":"A","amount":0},
  {"year":2011,"country":"BE","class":"A","amount":0},
  {"year":2011,"country":"BG","class":"A","amount":0},
  {"year":2011,"country":"CH","class":"A","amount":0},
  {"year":2011,"country":"CZ","class":"A","amount":0},
  {"year":2011,"country":"DE","class":"A","amount":0},
  {"year":2011,"country":"DK","class":"A","amount":0},
  {"year":2011,"country":"EE","class":"A","amount":0},
  {"year":2011,"country":"ES","class":"A","amount":0},
  {"year":2011,"country":"FI","class":"A","amount":0},
  {"year":2011,"country":"FR","class":"A","amount":0},
  {"year":2011,"country":"GB","class":"A","amount":0},
  {"year":2011,"country":"GR","class":"A","amount":0},
  {"year":2011,"country":"HR","class":"A","amount":0},
  {"year":2011,"country":"HU","class":"A","amount":0},
  {"year":2011,"country":"IE","class":"A","amount":0},
  {"year":2011,"country":"IS","class":"A","amount":0},
  {"year":2011,"country":"IT","class":"A","amount":0},
  {"year":2011,"country":"LT","class":"A","amount":0},
  {"year":2011,"country":"LU","class":"A","amount":0},
  {"year":2011,"country":"LV","class":"A","amount":0},
  {"year":2011,"country":"NL","class":"A","amount":0},
  {"year":2011,"country":"NO","class":"A","amount":0},
  {"year":2011,"country":"PL","class":"A","amount":0},
  {"year":2011,"country":"PT","class":"A","amount":0},
  {"year":2011,"country":"RO","class":"A","amount":0},
  {"year":2011,"country":"RU","class":"A","amount":0},
  {"year":2011,"country":"SE","class":"A","amount":0},
  {"year":2011,"country":"SI","class":"A","amount":0},
  {"year":2011,"country":"SK","class":"A","amount":0},
  {"year":2012,"country":"AT","class":"A","amount":0},
  {"year":2012,"country":"BE","class":"A","amount":0},
  {"year":2012,"country":"BG","class":"A","amount":0},
  {"year":2012,"country":"CH","class":"A","amount":0},
  {"year":2012,"country":"CZ","class":"A","amount":0},
  {"year":2012,"country":"DE","class":"A","amount":0},
  {"year":2012,"country":"DK","class":"A","amount":0},
  {"year":2012,"country":"EE","class":"A","amount":0},
  {"year":2012,"country":"ES","class":"A","amount":0},
  {"year":2012,"country":"FI","class":"A","amount":0},
  {"year":2012,"country":"FR","class":"A","amount":0},
  {"year":2012,"country":"GB","class":"A","amount":0},
  {"year":2012,"country":"GR","class":"A","amount":0},
  {"year":2012,"country":"HR","class":"A","amount":0},
  {"year":2012,"country":"HU","class":"A","amount":0},
  {"year":2012,"country":"IE","class":"A","amount":0},
  {"year":2012,"country":"IS","class":"A","amount":0},
  {"year":2012,"country":"IT","class":"A","amount":0},
  {"year":2012,"country":"LT","class":"A","amount":0},
  {"year":2012,"country":"LU","class":"A","amount":0},
  {"year":2012,"country":"LV","class":"A","amount":0},
  {"year":2012,"country":"NL","class":"A","amount":0},
  {"year":2012,"country":"NO","class":"A","amount":0},
  {"year":2012,"country":"PL","class":"A","amount":0},
  {"year":2012,"country":"PT","class":"A","amount":0},
  {"year":2012,"country":"RO","class":"A","amount":0},
  {"year":2012,"country":"RU","class":"A","amount":0},
  {"year":2012,"country":"SE","class":"A","amount":0},
  {"year":2012,"country":"SI","class":"A","amount":0},
  {"year":2012,"country":"SK","class":"A","amount":0},
  {"year":2013,"country":"AT","class":"A","amount":0},
  {"year":2013,"country":"BE","class":"A","amount":0},
  {"year":2013,"country":"BG","class":"A","amount":0},
  {"year":2013,"country":"CH","class":"A","amount":0},
  {"year":2013,"country":"CZ","class":"A","amount":0},
  {"year":2013,"country":"DE","class":"A","amount":0},
  {"year":2013,"country":"DK","class":"A","amount":0},
  {"year":2013,"country":"EE","class":"A","amount":0},
  {"year":2013,"country":"ES","class":"A","amount":0},
  {"year":2013,"country":"FI","class":"A","amount":0},
  {"year":2013,"country":"FR","class":"A","amount":0},
  {"year":2013,"country":"GB","class":"A","amount":0},
  {"year":2013,"country":"GR","class":"A","amount":0},
  {"year":2013,"country":"HR","class":"A","amount":0},
  {"year":2013,"country":"HU","class":"A","amount":0},
  {"year":2013,"country":"IE","class":"A","amount":0},
  {"year":2013,"country":"IS","class":"A","amount":0},
  {"year":2013,"country":"IT","class":"A","amount":0},
  {"year":2013,"country":"LT","class":"A","amount":0},
  {"year":2013,"country":"LU","class":"A","amount":0},
  {"year":2013,"country":"LV","class":"A","amount":0},
  {"year":2013,"country":"NL","class":"A","amount":0},
  {"year":2013,"country":"NO","class":"A","amount":0},
  {"year":2013,"country":"PL","class":"A","amount":0},
  {"year":2013,"country":"PT","class":"A","amount":0},
  {"year":2013,"country":"RO","class":"A","amount":0},
  {"year":2013,"country":"RU","class":"A","amount":0},
  {"year":2013,"country":"SE","class":"A","amount":0},
  {"year":2013,"country":"SI","class":"A","amount":0},
  {"year":2013,"country":"SK","class":"A","amount":0},
  {"year":2014,"country":"AT","class":"A","amount":0},
  {"year":2014,"country":"BE","class":"A","amount":0},
  {"year":2014,"country":"BG","class":"A","amount":0},
  {"year":2014,"country":"CH","class":"A","amount":0},
  {"year":2014,"country":"CZ","class":"A","amount":0},
  {"year":2014,"country":"DE","class":"A","amount":0},
  {"year":2014,"country":"DK","class":"A","amount":0},
  {"year":2014,"country":"EE","class":"A","amount":0},
  {"year":2014,"country":"ES","class":"A","amount":0},
  {"year":2014,"country":"FI","class":"A","amount":0},
  {"year":2014,"country":"FR","class":"A","amount":0},
  {"year":2014,"country":"GB","class":"A","amount":0},
  {"year":2014,"country":"GR","class":"A","amount":0},
  {"year":2014,"country":"HR","class":"A","amount":0},
  {"year":2014,"country":"HU","class":"A","amount":0},
  {"year":2014,"country":"IE","class":"A","amount":0},
  {"year":2014,"country":"IS","class":"A","amount":0},
  {"year":2014,"country":"IT","class":"A","amount":0},
  {"year":2014,"country":"LT","class":"A","amount":0},
  {"year":2014,"country":"LU","class":"A","amount":0},
  {"year":2014,"country":"LV","class":"A","amount":0},
  {"year":2014,"country":"NL","class":"A","amount":0},
  {"year":2014,"country":"NO","class":"A","amount":0},
  {"year":2014,"country":"PL","class":"A","amount":0},
  {"year":2014,"country":"PT","class":"A","amount":0},
  {"year":2014,"country":"RO","class":"A","amount":0},
  {"year":2014,"country":"RU","class":"A","amount":0},
  {"year":2014,"country":"SE","class":"A","amount":0},
  {"year":2014,"country":"SI","class":"A","amount":0},
  {"year":2014,"country":"SK","class":"A","amount":0}
]