[{"country":"\u00c5land","code":null,"listed":true,"added":false},
  {"country":"Andorra","code":null,"listed":true,"added":false},
  {"country":"Australia","code":"AU","listed":true,"added":false},
  {"country":"Austria","code":"AT","listed":true,"added":true},
  {"country":"Belarus","code":"BY","listed":false,"added":false},
  {"country":"Belgium","code":"BE","listed":true,"added":true},
  {"country":"Brazil","code":"BR","listed":true,"added":false},
  {"country":"Bulgaria","code":"BG","listed":true,"added":true},
  {"country":"Canada","code":"CA","listed":true,"added":false},
  {"country":"Chile","code":"CL","listed":true,"added":false},
  {"country":"China","code":"CN","listed":true,"added":false},
  {"country":"Croatia","code":"HR","listed":true,"added":true},
  {"country":"Czech Republic","code":"CZ","listed":true,"added":true},
  {"country":"Denmark","code":"DK","listed":true,"added":true},
  {"country":"Estonia","code":"EE","listed":true,"added":true},
  {"country":"Finland","code":"FI","listed":true,"added":true},
  {"country":"France","code":"FR","listed":true,"added":true},
  {"country":"Germany","code":"DE","listed":true,"added":true},
  {"country":"Gibraltar","code":null,"listed":true,"added":false},
  {"country":"Greece","code":"GR","listed":true,"added":true},
  {"country":"Guernsey","code":null,"listed":true,"added":false},
  {"country":"Hungary","code":"HU","listed":true,"added":true},
  {"country":"Iceland","code":"IS","listed":true,"added":true},
  {"country":"India","code":"IN","listed":true,"added":false},
  {"country":"Ireland","code":"IE","listed":true,"added":true},
  {"country":"Isle of Man","code":null,"listed":true,"added":false},
  {"country":"Israel","code":"IL","listed":true,"added":false},
  {"country":"Italy","code":"IT","listed":true,"added":true},
  {"country":"Japan","code":"JP","listed":true,"added":false},
  {"country":"Jersey","code":null,"listed":true,"added":false},
  {"country":"Latvia","code":"LV","listed":true,"added":true},
  {"country":"Liechtenstein","code":"LI","listed":true,"added":false},
  {"country":"Lithuania","code":"LT","listed":true,"added":true},
  {"country":"Luxembourg","code":"LU","listed":true,"added":true},
  {"country":"Malta","code":"MT","listed":true,"added":false},
  {"country":"Mexico","code":"MX","listed":true,"added":false},
  {"country":"Moldova","code":"MD","listed":false,"added":false},
  {"country":"Monaco","code":null,"listed":true,"added":false},
  {"country":"Netherlands","code":"NL","listed":true,"added":true},
  {"country":"New Zealand","code":"NZ","listed":true,"added":false},
  {"country":"Norway","code":"NO","listed":true,"added":true},
  {"country":"Poland","code":"PL","listed":true,"added":true},
  {"country":"Portugal","code":"PT","listed":true,"added":true},
  {"country":"Romania","code":"RO","listed":true,"added":true},
  {"country":"Russia","code":"RU","listed":true,"added":true},
  {"country":"San Marino","code":null,"listed":true,"added":false},
  {"country":"Serbia","code":"RS","listed":false,"added":false},
  {"country":"Slovakia","code":"SK","listed":true,"added":true},
  {"country":"Slovenia","code":"SI","listed":true,"added":true},
  {"country":"South Africa","code":"ZA","listed":true,"added":false},
  {"country":"South Korea","code":"KR","listed":true,"added":false},
  {"country":"Spain","code":"ES","listed":true,"added":true},
  {"country":"Sweden","code":"SE","listed":true,"added":true},
  {"country":"Switzerland","code":"CH","listed":true,"added":true},
  {"country":"Turkey","code":"TR","listed":true,"added":false},
  {"country":"Ukraine","code":"UA","listed":false,"added":false},
  {"country":"United Kingdom","code":"GB","listed":true,"added":true},
  {"country":"United States","code":"US","listed":true,"added":false}]